Title,Author,Year,Citation count,Open access,Abstract
Elevated insular glutamate in fibromyalgia is associated with experimental pain,Richard E. Harris|Pia C. Sundgren|A. D. Craig|Eric Kirshenbaum|Ananda Sen|Vitaly Napadow|Daniel J. Clauw,2009,328,Open Access,"OBJECTIVE: Central pain augmentation resulting from enhanced excitatory and/or decreased inhibitory neurotransmission is a proposed mechanism underlying the pathophysiology of functional pain syndromes such as fibromyalgia (FM). Multiple functional magnetic resonance imaging studies implicate the insula as a region of heightened neuronal activity in this condition. Since glutamate (Glu) is a major cortical excitatory neurotransmitter that functions in pain neurotransmission, we undertook this study to test our hypothesis that increased levels of insular Glu would be present in FM patients and that the concentration of this molecule would be correlated with pain report. METHODS: Nineteen FM patients and 14 age- and sex-matched pain-free controls underwent pressure pain testing and a proton magnetic resonance spectroscopy session in which the right anterior insula and right posterior insula were examined at rest. RESULTS: Compared with healthy controls, FM patients had significantly higher levels of Glu (mean +/- SD 8.09 +/- 0.72 arbitrary institutional units versus 6.86 +/- 1.29 arbitrary institutional units; P = 0.009) and combined glutamine and Glu (i.e., Glx) (mean +/- SD 12.38 +/- 0.94 arbitrary institutional units versus 10.59 +/- 1.48 arbitrary institutional units; P = 0.001) within the right posterior insula. No significant differences between groups were detected in any of the other major metabolites within this region (P > 0.05 for all comparisons), and no group differences were detected for any metabolite within the right anterior insula (P > 0.11 for all comparisons). Within the right posterior insula, higher levels of Glu and Glx were associated with lower pressure pain thresholds across both groups for medium pain (for Glu, r = -0.43, P = 0.012; for Glx, r = -0.50, P = 0.003). CONCLUSION: Enhanced glutamatergic neurotransmission resulting from higher concentrations of Glu within the posterior insula may play a role in the pathophysiology of FM and other central pain augmentation syndromes."
Dynamic levels of glutamate within the insula are associated with improvements in multiple pain domains in fibromyalgia,Richard E. Harris|Pia C. Sundgren|Yuxi Pang|Michael C. Hsu|M.D. Ilya Petrou|Seongho Kim|Samuel A. McLean|Richard H. Gracely|Daniel J. Clauw,2008,197,NOT Open Access,
Reduced insular γ‐aminobutyric acid in fibromyalgia,Bradley R. Foerster|M.D. Ilya Petrou|Richard A.E. Edden|Pia C. Sundgren|Tobias Schmidt‐Wilcke|Suzan Lowe|Steven E. Harte|Daniel J. Clauw|Richard E. Harris,2011,211,NOT Open Access,
Measuring Glutamate Levels in the Brains of Fibromyalgia Patients and a Potential Role for Glutamate in the Pathophysiology of Fibromyalgia Symptoms,Tahni L. Pyke|Peter G. Osmotherly|Surinder Baines,2016,70,NOT Open Access,
Reduced intraepidermal nerve fiber density after a sustained increase in insular glutamate: a proof-of-concept study examining the pathogenesis of small fiber pathology in fibromyalgia,Steven E. Harte|Daniel J. Clauw|John M. Hayes|Eva L. Feldman|Irene C. St Charles|Christopher J.E. Watson,2017,48,Open Access,"INTRODUCTION: Neuroimaging reveals increased glutamate within the insula of patients with fibromyalgia (FM), suggesting a link between FM symptoms and increased central excitatory neurotransmission. Many patients with FM also present with decreased intraepidermal nerve fiber density (IENFD), consistent with small fiber pathology. It remains unknown, however, whether either of these mechanistic findings represent a cause or a consequence of the other. This study tests the hypothesis that an excitatory imbalance within the insula leads to small fiber pathology. OBJECTIVES: This is a proof-of-concept study to examine whether a chronic, bilateral increase in insular glutamate can be a causal factor in the development of small fiber neuropathy in FM. METHODS: The glutamate transport inhibitor l-trans-Pyrrolidine-2,4-dicarboxylic acid (PDC), which increases endogenous levels of glutamate, was dissolved in Ringer solution and bilaterally delivered into the insula of rats for 6 weeks. Naive rats that did not undergo any surgery or treatment and rats administered Ringer vehicle solution into the insula served as controls. Multimodal nociceptive sensitivity was assessed weekly. Hind paw tissue biopsies were collected for IENFD assessment, at the end of the experiment. RESULTS: Compared with controls, increasing endogenous glutamate in the insula with PDC caused sustained decreases in mechanical paw withdrawal threshold and thermal paw withdrawal latency, increased aversion to noxious mechanical stimulation, and a decrease in IENFD. Cold reactivity was not altered by PDC administration. CONCLUSION: Bilateral insular PDC administration produced a persistent increase in multimodal pain behaviors and a decrease in peripheral nerve fibers in rat. These preclinical findings offer preliminary support that insular hyperactivity may be a casual factor in the development of small fiber pathology in FM."
Pressure Pain Sensitivity and Insular Combined Glutamate and Glutamine (Glx) Are Associated with Subsequent Clinical Response to Sham But Not Traditional Acupuncture in Patients Who Have Chronic Pain,Steven E. Harte|Daniel J. Clauw|Vitaly Napadow|Richard E. Harris,2013,32,Open Access,"Abstract Background: Clinical trials of acupuncture in chronic pain have largely failed to demonstrate efficacy of traditional over sham acupuncture. However, it should be noted that sham acupuncture is not inert. Objective: To determine if experimental-pressure pain assessment and chemical neuroimaging can identify differential responsiveness to sham as opposed to traditional acupuncture. Patients and Intervention: Fifty patients with fibromyalgia were randomized to either 9 traditional (TA) or sham (SA) acupuncture treatments over a period of 4 weeks. Both participants and assessors were blinded. Main Outcome Measures: The main outcome measures were pressure-pain sensitivity at the thumbnail, insular glutamate+glutamine (Glx), and clinical pain. Results: Patients with low pain sensitivity (LPS), but not with high pain sensitivity (HPS), had a significantly reduced clinical pain response to SA (change in mean [standard deviation (SD)]: HPS −8.65 [7.91]; LPS −2.14 [6.68]; p =0.03). This relationship was not the case for TA (HPS −6.90 [4.51]; LPS −6.41 [9.25]; p =0.88). SA-treated patients who were more sensitive also had greater baseline levels of insular Glx than patients who were less sensitive (Glx mean [SD]: HPS 11.3 [1.18]; LPS 10.2 [0.54]; p =0.04). Conclusions: Pressure-pain testing may identify patients who are less likely to respond to SA. This effect may relate to the levels of brain excitatory neurotransmitters."
Greater Somatosensory Afference With Acupuncture Increases Primary Somatosensory Connectivity and Alleviates Fibromyalgia Pain via Insular γ‐Aminobutyric Acid: A Randomized Neuroimaging Trial,Ishtiaq Mawla|Eric Ichesco|Helge J. Zöllner|Richard A.E. Edden|Thomas L. Chenevert|Henry A. Buchtel|Meagan D. Bretz|Heather Sloan|Chelsea Kaplan|Steven E. Harte|George A. Mashour|Daniel J. Clauw|Vitaly Napadow|Richard E. Harris,2020,70,Open Access,"Objective Acupuncture is a complex multicomponent treatment that has shown promise in the treatment of fibromyalgia (FM). However, clinical trials have shown mixed results, possibly due to heterogeneous methodology and lack of understanding of the underlying mechanism of action. The present study was undertaken to understand the specific contribution of somatosensory afference to improvements in clinical pain, and the specific brain circuits involved. Methods Seventy‐six patients with FM were randomized to receive either electroacupuncture (EA), with somatosensory afference, or mock laser acupuncture (ML), with no somatosensory afference, twice a week over 8 treatments. Patients with FM in each treatment group were assessed for pain severity levels, measured using Brief Pain Inventory (BPI) scores, and for levels of functional brain network connectivity, assessed using resting state functional magnetic resonance imaging (MRI) and proton magnetic resonance spectroscopy in the right anterior insula, before and after treatment. Results Fibromyalgia patients who received EA therapy experienced a greater reduction in pain severity, as measured by the BPI, compared to patients who received ML therapy (mean difference in BPI from pre‐ to posttreatment was −1.14 in the EA group versus −0.46 in the ML group; P for group × time interaction = 0.036). Participants receiving EA treatment, as compared to ML treatment, also exhibited resting functional connectivity between the primary somatosensory cortical representation of the leg (S1 leg ; i.e. primary somatosensory subregion activated by EA) and the anterior insula. Increased S1 leg –anterior insula connectivity was associated with both reduced levels of pain severity as measured by the BPI ( r = −0.44, P = 0.01) and increased levels of γ‐aminobutyric acid (GABA+) in the anterior insula ( r = 0.48, P = 0.046) following EA therapy. Moreover, increased levels of GABA+ in the anterior insula were associated with reduced levels of pain severity as measured by the BPI ( r = −0.59, P = 0.01). Finally, post–EA treatment changes in levels of GABA+ in the anterior insula mediated the relationship between changes in S1 leg –anterior insula connectivity and pain severity on the BPI (bootstrap confidence interval −0.533, −0.037). Conclusion The somatosensory component of acupuncture modulates primary somatosensory functional connectivity associated with insular neurochemistry to reduce pain severity in FM."
Brain imaging in fibromyalgia syndrome.,Roland Staud,2012,66,NOT Open Access,
Brief Report: Excitatory and Inhibitory Brain Metabolites as Targets of Motor Cortex Transcranial Direct Current Stimulation Therapy and Predictors of Its Efficacy in Fibromyalgia,Bradley R. Foerster|Thiago D. Nascimento|Misty DeBoer|Marycatherine A. Bender|Indie C. Rice|Dennis Q. Truong|Marom Bikson|Daniel J. Clauw|Jon‐Kar Zubieta|Richard E. Harris|Alexandre F. DaSilva,2014,105,Open Access,"OBJECTIVE: Transcranial direct current stimulation (tDCS) has been shown to improve pain symptoms in fibromyalgia (FM), a central pain syndrome whose underlying mechanisms are not well understood. This study was undertaken to explore the neurochemical action of tDCS in the brain of patients with FM, using proton magnetic resonance spectroscopy (1H-MRS). METHODS: Twelve patients with FM underwent sham tDCS over the left motor cortex (anode placement) and contralateral supraorbital cortex (cathode placement) for 5 consecutive days, followed by a 7-day washout period and then active tDCS for 5 consecutive days. Clinical pain assessment and 1H-MRS testing were performed at baseline, the week following the sham tDCS trial, and the week following the active tDCS trial. RESULTS: Clinical pain scores decreased significantly between the baseline and active tDCS time points (P = 0.04). Levels of glutamate + glutamine (Glx) in the anterior cingulate were significantly lower at the post–active tDCS assessment compared with the post–sham tDCS assessment (P = 0.013), and the decrease in Glx levels in the thalami between these time points approached significance (P = 0.056). From baseline to the post–sham tDCS assessment, levels of N-acetylaspartate (NAA) in the posterior insula increased significantly (P = 0.015). There was a trend toward increased levels of γ-aminobutyric acid (GABA) in the anterior insula after active tDCS, compared with baseline (P = 0.064). Baseline anterior cingulate Glx levels correlated significantly with changes in pain score, both for the time period from baseline to sham tDCS (β1 = 1.31, P < 0.001) and for the time period from baseline to active tDCS (β1= 1.87, P < 0.001). CONCLUSION: The present findings suggest that GABA, Glx, and NAA play an important role in the pathophysiology of FM and its modulation by tDCS."
Proton MR Spectroscopy in the Evaluation of Cerebral Metabolism in Patients with Fibromyalgia: Comparison with Healthy Controls and Correlation with Symptom Severity,M.D. Ilya Petrou|Richard E. Harris|Bradley R. Foerster|Samuel A. McLean|Ananda Sen|Daniel J. Clauw|Pia C. Sundgren,2008,59,Open Access,"BACKGROUND AND PURPOSE: Widespread pain sensitivity in patients with fibromyalgia (FM) suggests a central nervous system (CNS)-processing problem. Therefore, it is conceivable that metabolic alterations exist in pain-processing brain regions of people with FM compared with healthy controls (HC) and that such metabolic data could correlate with clinical symptoms. The purpose of this study was to test these hypotheses using proton MR spectroscopy ((1)H-MR spectroscopy). MATERIALS AND METHODS: There were 21 patients with FM and 27 HC who underwent conventional structural MR imaging and additional 2D-chemical shift imaging (CSI) MR-spectroscopy sequences. For the 2D-CSI spectroscopy, larger volumes of interest (VOIs) were centered at the level of the basal ganglia and the supraventricular white matter. Within these larger areas, 16 smaller voxels were placed in a number of regions previously implicated in pain processing. N-acetylaspartate (NAA)/creatine(Cr), choline (Cho)/Cr and NAA/Cho ratios were calculated for each voxel. Subjects underwent clinical and experimental pain assessment. RESULTS: Mean metabolite ratios and ratio variability for each region were analyzed by using repeated-measures analysis of variance (ANOVA). Correlations between clinical symptoms and metabolite ratios were assessed. Cho/Cr variability in the right dorsolateral prefrontal cortex (DLPFC) was significantly different in the 2 groups; a significant correlation between Cho/Cr in this location and clinical pain was present in the FM group. Evoked pain threshold correlated significantly with NAA/Cho ratios in the left insula and left basal ganglia. CONCLUSION: Our data suggest that there are baseline differences in the variability of brain metabolite relative concentrations between patients with FM and HC, especially in the right DLPFC. Furthermore, there are significant correlations between metabolite ratios and clinical and experimental pain parameters in patients with FM."
Upregulation of cortical GABAA receptor concentration in fibromyalgia,Florence B. Pomares|Steve Roy|Thomas Funck|Natasha A. Feier|Alexander Thiel|Mary‐Ann Fitzcharles|Petra Schweinhardt,2019,55,Open Access,"An imbalance between excitatory and inhibitory neurotransmission has been linked to fibromyalgia (FM). Magnetic resonance spectroscopy has shown increased levels of glutamate in the insula and posterior cingulate cortex in FM as well as reduced insular levels of gamma-aminobutyric acid (GABA). Both of these changes have been associated with increased pain sensitivity. However, it is not clear whether excitatory and/or inhibitory neurotransmission is altered across the brain. Therefore, the aim of this study was to quantify GABAA receptor concentration on the whole brain level in FM to investigate a potential dysregulation of the GABAergic system. Fifty-one postmenopausal women (26 FM, 25 matched controls) underwent assessments of pain sensitivity, attention and memory, psychological status and function, as well as positron emission tomography imaging using a tracer for GABAA receptors, [F]flumazenil. Patients showed increased pain sensitivity, impaired immediate memory, and increased cortical GABAA receptor concentration in the attention and default-mode networks. No decrease of GABAA receptor concentration was observed. Across the 2 groups, GABAA receptor concentration correlated positively with functional scores and current pain in areas overlapping with regions of increased GABAA receptor concentration. This study shows increased GABAA receptor concentration in FM, associated with pain symptoms and impaired function. The changes were widespread and not restricted to pain-processing regions. These findings suggest that the GABAergic system is altered, possibly indicating an imbalance between excitatory and inhibitory neurotransmission. Future studies should try to understand the nature of the dysregulation of the GABAergic system in FM and in other pain syndromes."
A capital role for the brain’s insula in the diverse fibromyalgia-associated symptoms,Boél De Paepe|Joél Smet|Chris Baeken|Jessica Van Oosterwijck|Mira Meeus,2020,14,Open Access,
Changes in Metabolites after Treatment with Memantine in Fibromyalgia. A Double‐Blind Randomized Controlled Trial with Magnetic Resonance Spectroscopy with a 6‐month Follow‐up,Nicolás Fayed|Bárbara Oliván‐Blázquez|Paola Herrera‐Mercadal|Marta Puebla‐Guedea|Mari‐Cruz Pérez‐Yus|Eva Andrés|Yolanda López del Hoyo|Rosa Magallón-Botaya|Laura Viguera|Javier García‐Campayo,2014,34,NOT Open Access,
Abnormal neurometabolites in fibromyalgia patients: Magnetic resonance spectroscopy study,Ye-Ha Jung|Hyeonjin Kim|Dasom Lee|Jae-Yeon Lee|Won Joon Lee|Jee Youn Moon|Soo‐Hee Choi|Do‐Hyung Kang,2021,11,Open Access,"This study aimed to investigate distinct neurometabolites in the anterior cingulate cortex (ACC), right and left thalamus, and insula of patients with fibromyalgia (FM) compared with healthy controls using proton magnetic resonance spectroscopy (MRS). Levels of N-acetylaspartate (NAA), N-acetylaspartylglutamate (NAAG), total NAA (tNAA = NAA + NAAG), myo-inositol (ml), glutamine (Gln), glutamate (Glu), Glx (Glu + Gln), glycerophosphocholine (GPC), total choline (tCho = GPC + phosphocholine) and glutathione (GSH) levels relative to total creatine (tCr) levels including creatine (Cr) and phosphocreatine (PCr) and relative to Cr levels were determined in the ACC, right and left thalamus, and insula in 12 patients with FM and 13 healthy controls using MRS. In the ACC, NAA/tCr (P = 0.028) and tCho/tCr (P = 0.047) were higher in patients with FM. In the right and left insula, tNAA/tCr (P = 0.019, P = 0.007, respectively) was lower in patients with FM. Patients with FM showed lower levels of ml/Cr (P = 0.037) in the right insula than healthy controls. These findings are paramount to understand decisive pathophysiological mechanisms related to abnormal features in the brain and parasympathetic nervous systems in FM. We suggest that the results presented herein may be essential to understand hidden pathological mechanisms and also life system potential as protective and recovering metabolic strategies in patients with FM."
Elevated posterior insula glutamate in patients with sickle cell disease,Xiaopeng Zhou|Eric Ichesco|Andrew Pucka|Ziyue Liu|Andrew RW O’Brien|Steven E. Harte|Richard E. Harris|Ying Wang,2024,3,Open Access,"Sickle cell disease (SCD) is an inherited hemolytic disorder accompanied by chronic pain and recurrent acute painful episodes known as vaso-occlusive crises (VOCs). Increased Glx (glutamate+glutamine) and lowered GABA concentration have been reported in the insula of patients with fibromyalgia, a nociplastic chronic pain condition, and may affect the pathophysiology of pain-related syndromes.Therefore, proton magnetic resonance spectroscopy ( 1 H-MRS) was conducted to measure levels of Glx and other brain metabolites using a single voxel (size: 2×3×3 cm 3 ) in the right posterior insula cortex (PIC) in 17 individuals with SCD and 17 ethnicity-, age- and sex-matched healthy controls (HCs). The frequency of VOCs in the preceding 12 months was recorded. The concentration of Glx (p=0.019) and the ratio of Glx to tCr (total creatine, p=0.035) in the PIC were significantly higher in patients with SCD as compared to matched HCs (n=17). Secondary analyses with the unpaired full sample of 24 SCD also showed a significantly higher level of Glx/tCr than HCs (n=19), with a positive correlation between the level of Glx/tCr and the number of VOCs (p=0.034, r=0.476), as well as a negative correlation between Glx and sensory sensitivity assessed by tonic pressure pain in gastrocnemius area of the non-dominant leg (p=0.040, r=−0.462). The unpaired full sample additionally revealed a significant difference in sensory sensitivity (p=0.050). Altered metabolites such as GABA and myo-inositol were also observed between SCD and HCs. These results suggest that elevated excitatory neurotransmission in the insula might contribute to nociplastic pain in SCD. Perspective Our work highlighted the innovative finding of elevated levels of the excitatory neurotransmitter glutamate with glutamine in patients with SCD compared to healthy controls. The positive relationship between Glx/tCr and the frequency of VOCs suggests that an excitatory brain neurotransmitter imbalance may be involved in VOCs."
Dysfunctional energy metabolisms in fibromyalgia compared with healthy subjects,Ye-Ha Jung|Hyeonjin Kim|Dasom Lee|Jae-Yeon Lee|Jee Youn Moon|Soo‐Hee Choi|Do‐Hyung Kang,2021,11,Open Access,"This study aimed to investigate the levels of creatine (Cr) metabolites in the anterior cingulate cortex (ACC), thalamus, and insula of patients with fibromyalgia (FM) using proton magnetic resonance spectroscopy (MRS). The levels of Cr and phosphocreatine (PCr) relative to total Cr (tCr), which includes Cr and PCr, in the ACC, thalamus, and insula were determined using MRS in 12 patients with FM and in 13 healthy controls. The FM group had lower levels of PCr/tCr in the ACC and right insula compared to healthy controls. There was a negative correlation between Cr/tCr in the ACC and total pain levels (McGill Pain Questionnaire-Total; r = -0.579, p = 0.049) and between Cr/tCr in the left insula and affective pain levels (McGill Pain Questionnaire-Affective; r = -0.638, p = 0.047) in patients with FM. In addition, there were negative correlations between stress levels (Stress Response Inventory) and Cr/tCr in the right (r = -0.780, p = 0.005) and left thalamus (r = -0.740, p = 0.006), as well as in the right insula (r = -0.631, p = 0.028) in patients with FM. There were negative correlations between symptom levels of post-traumatic stress disorder (PTSD; PTSD checklist) and Cr/tCr in the right (r = -0.783, p = 0.004) and left thalamus (r = -0.642, p = 0.024) of patients with FM. These findings are paramount to understanding the decisive pathologies related to brain energy metabolism in patients with FM."
Cerebral magnetic resonance changes associated with fibromyalgia syndrome,Íñigo Murga|Virginia Guillén|José Vicente Lafuente,2017,14,NOT Open Access,
Association of Alterations in Gray Matter Volume With Reduced Evoked‐Pain Connectivity Following Short‐Term Administration of Pregabalin in Patients With Fibromyalgia,Tudor Puiu|Anson Kairys|L. Pauer|Tobias Schmidt‐Wilcke|Eric Ichesco|Johnson P. Hampson|Vitaly Napadow|Daniel J. Clauw|Richard E. Harris,2016,25,Open Access,"OBJECTIVE: Pregabalin (PGB) is an α2 δ calcium-channel subunit ligand that has previously been shown to reduce chronic pain in multiple conditions. Preclinical studies indicate that PGB may down-regulate brain glutamate release while also inhibiting astrocyte induction of glutamatergic synapse formation, and recent clinical findings support the notion that PGB modulates glutamatergic activity and functional brain connectivity in order to produce analgesia. The present study was undertaken to examine concurrent changes in brain gray matter volume (GMV) or evoked-pain connectivity in humans receiving PGB. METHODS: Sixteen female fibromyalgia patients participated in a randomized double-blind 2-period crossover study of PGB versus placebo. Before and after each period, patients underwent high-resolution structural and evoked pressure-pain functional brain imaging. GMV was analyzed using voxel-based morphometry, and functional connectivity during evoked pressure-pain was assessed. RESULTS: PGB administration significantly reduced GMV within the posterior insula bilaterally, whereas there were no significant changes in insular GMV following placebo treatment. GMV reductions in the medial frontal gyrus were also observed when comparing PGB versus placebo treatment, and were associated with reduced clinical pain. These reductions in insular GMV were associated with concomitant reductions in connectivity to the default mode network, which was also associated with reduced clinical pain. CONCLUSION: Short-term PGB treatment altered brain structure and evoked-pain connectivity, and these decreases were associated with reduced clinical pain. We speculate that these fairly rapid changes in GMV may be related to brain neuroplasticity. It is unknown whether these effects are generalizable to other chronic pain states."
Changes in metabolites in the brain of patients with fibromyalgia after treatment with an NMDA receptor antagonist,Nicolás Fayed|Bárbara Oliván‐Blázquez|Yolanda López del Hoyo|Eva Andrés|María Cruz Pérez-Yus|Alicia Fayed|Luisa F Angel|Antoni Serrano‐Blanco|Miquel Roca|Javier García‐Campayo,2019,14,Open Access,"The aims of this work were to evaluate whether the treatment of patients with fibromyalgia with memantine is associated with significant changes in metabolite concentrations in the brain, and to explore any changes in clinical outcome measures. Magnetic resonance spectroscopy was performed of the right anterior and posterior insula, both hippocampi and the posterior cingulate cortex. Questionnaires on pain, anxiety, depression, global function, quality of life and cognitive impairment were used. Ten patients were studied at baseline and after three months of treatment with memantine. Significant increases were observed in the following areas: N-acetylaspartate (4.47 at baseline vs. 4.71 at three months, p = 0.02) and N-acetylaspartate+N-acetylaspartate glutamate in the left hippocampus (5.89 vs. 5.98; p = 0.007); N-acetylaspartate+N-acetylaspartate glutamate in the right hippocampus (5.31 vs 5.79; p = 0.01) and the anterior insula (7.56 vs. 7.70; p = 0.033); glutamate+glutamine/creatine ratio in the anterior insula (2.03 vs. 2.17; p = 0.022) and the posterior insula (1.77 vs. 2.00; p = 0.004); choline/creatine ratio in the posterior cingulate (0.18 vs. 0.19; p = 0.023); and creatine in the right hippocampus (3.60 vs. 3.85; p = 0.007). At the three-month follow-up, memantine improved cognitive function assessed by the Cognition Mini-Exam (31.50, SD = 2.95 vs. 34.40, SD = 0.6; p = 0.005), depression measured by the Hamilton Depression Scale (7.70, SD = 0.81 vs. 7.56, SD = 0.68; p = 0.042) and severity of illness measured by the Clinical Global Impression severity scale (5.79, SD = 0.96 vs. 5.31, SD = 1.12; p = 0.007). Depression, clinical global impression and cognitive function showed improvement with memantine. Magnetic resonance spectroscopy could be useful in monitoring response to the pharmacological treatment of fibromyalgia."
"Comparison of gamma-aminobutyric acid, glutamate, and N-acetylaspartate concentrations in the insular cortex between patients with fibromyalgia, rheumatoid arthritis, and healthy controls - a magnetic resonance spectroscopy study",Hans-Christoph Aster|Viola Hahn|Marc Schmalzing|György A. Homola|Thomas Kampf|Mirko Pham|Nurcan Üçeyler|Claudia Sommer,2022,2,Open Access,"Abstract Fibromyalgia syndrome (FMS) is a chronic pain disorder with hypersensitivity to painful stimuli. A subgroup of patients shows damage to small peripheral nerve fibers. Previous studies support the hypothesis that increased activation of the pain-processing insular cortex is mediated by an imbalance of insular glutamate and γ-aminobutyric acid (GABA) concentrations. Here, we aimed to test this hypothesis in a large cohort of FMS patients comparing data of patients and healthy controls. In addition, we tested the hypothesis whether a reduction in small peripheral nerve fibers relates to glutamate concentrations in the insular cortex. We recruited 102 subjects (all female, 44 FMS patients, 40 healthy age-matched controls, and 19 patients with rheumatoid arthritis (RA) as disease controls. Study participants underwent single-voxel magnetic resonance spectroscopy of the right and left insular cortex. All patients completed questionnaires on symptom severity (pain intensity, impairment due to symptoms, depression). FMS patients were further stratified into subgroups with and without reduced intraepidermal nerve fiber density (IENFD) assessed on skin punch biopsies. We found no intergroup difference of the glutamate/GABA metabolite concentrations between FMS and RA patients and healthy controls. Glutamate/GABA levels did not correlate with symptom severity. Cerebral glutamate concentrations were independent of skin innervation. We found similar insular glutamate/GABA concentrations in FMS patients and disease and healthy controls. Therefore, our data cannot support the hypothesis that a glutamate/GABA mismatch leads to a sensitization of the insular cortex of fibromyalgia patients and thereby induces the symptoms."
Do Fibromyalgia Flares Have a Neurobiological Substrate?,Rami Bou Khalil|Elie Khoury|Sami Richa,2016,11,Open Access,"Fibromyalgia (FM) is a chronic central pain sensitivity syndrome manifesting as widespread pain and tenderness with no evidence of soft tissue inflammation [1]. It affects around 2% to 8% of the general population, with a prevalence that increases with age, and marked female predominance [2]. The main clinical manifestations are chronic widespread pain (CWP) with multiple tender points on physical examination, fatigue [3], headaches [4], sleep difficulties, and cognitive disturbances referred to as “fibro fog” [5]. Individuals with FM may also present with nonspecific symptoms of chest, abdominal, or pelvic pain, paresthesias, and lower urinary tract symptoms [6–9]. The 2010 ACR preliminary diagnostic criteria for FM offer nonspecialists a new diagnostic approach that does not require tender point examination and counting, as was the case with the 1990 criteria, and provide a symptom severity scale and a recognition of the importance of cognitive and somatic symptoms in this disorder [10]. Moreover, several functional somatic syndromes (e.g., chronic fatigue syndrome and irritable bowel syndrome), rheumatic diseases (e.g., rheumatoid arthritis, systemic lupus erythematosus, Sjögren’s syndrome, and ankylosing spondylitis), and psychiatric disorders occur with FM with a frequency that is significantly higher than that of the general population [6,11–15]. Major depressive disorder (MDD) and/or anxiety disorders are found in one-third to one-half of patients at the time of diagnosis [6]. Furthermore, depressed women with FM presented with more severe symptoms, worse overall physical condition, and lower quality of life compared with controls [16]. While the serotonin-norepinephrine reuptake inhibitor (SNRI) duloxetine and the anticonvulsant pregabalin are both FDA approved as first-line therapies [17,18], nonpharmacological therapies (i.e., aerobic exercises, physical therapy, cognitive behavioral therapy [CBT], and patient education) remain the mainstay of FM treatment [19]. In the current issue, Vincent A. et al. present a manuscript entitled “Fibromyalgia Flares: A Qualitative Analysis,” in which they examine periods of symptom exacerbation frequently reported by patients suffering from FM. The strength of this study is that it is the first to qualitatively explore and describe FM flares as experienced by patients (i.e., triggers, symptoms, and coping methods), as no study to date has attempted to qualitatively characterize them in the natural evolution of FM. In our manuscript, we comment on the study presented by Vincent A. et al. from a neurobiological perspective, by presenting first the pathogenesis of FM, then the common neurobiological grounds it shares with depressive disorders, and finally by summarizing the available literature data on the role that stress can play in its natural evolution. With the present article, we aim to present evidence in favor of a neurobiological basis to FM flares. Summarized in Figure 1 is a schematic representation of all the data we are going to present in the following paragraphs on the pathogenesis of FM seen from a neurobiological approach. The figure also emphasizes the mechanisms through which stress can cause symptom exacerbation. In a literature review done by C. J. Woolf in 2011, the central sensitization concept has been extensively addressed as a plausible mechanism behind the occurrence of pain in FM [20]. It was initially thought that peripheral nociceptors became sensitized following repeated tissue damage with a reduction in their threshold. However, this would only lead to primary hyperalgesia (i.e., disproportionate pain in the damaged tissues) and would not explain allodynia (i.e., pain in response to light stroke) or secondary hyperalgesia (disproportionate pain in surrounding undamaged tissues) seen in FM. Therefore, FM is now considered to be a central pain hypersensitivity syndrome within the spinal dorsal horn neurons via activity-dependent neuroplasticity (cf. Figure 1). Central sensitization results from changes in the central nervous system on both spinal and supraspinal levels. These changes consist of alterations in the modulation of nociceptive signaling, comprising both an increase in the activity of bottom-up excitatory pain pathways (increased NMDA receptor activation and release of nociceptive transmitters, namely substance P [SP], nitric oxide [NO], nerve growth factor [NGF], and glutamate) and a decrease in the activity of top-down inhibitory pain pathways (dysregulation of dopamine, serotonin, norepinephrine, epinephrine, and endogenous opioids). Consequently, excessive stimulation of dorsal horn neurons occurs, which produces molecular and, with time, structural changes (i.e., synaptic sprouting) within the central nociceptive pathway. This is known as activity-dependent neuroplasticity (i.e., remodeling that preferentially takes place within active neuronal tracts), which constitutes the basis of central sensitization [20,21] (Figure 1). This leads to the potentiation of nociceptive signaling, which results in a widespread reduction in pain thresholds, an increase in temporal summation, prolonged aftereffects to noxious stimuli, and a reduced overall tolerance to pain [20]. Allodynia and hyperalgesia are direct results of this hypersensitization, and tender points seen in FM are an example of secondary hyperalgesia [22]. Moreover, Staud and Price’s extensive work on FM showed that maintenance of experimentally-induced pain and temporal summation required decreasing intensity and frequency of stimulation in patients [23–25]. In conclusion, after central sensitization has occurred, even slight peripheral stimulation can perpetuate CWP. Furthermore, non-noxious stimuli such as negative emotions, sociocultural influences, or sleep disturbances have also been recognized as contributory factors [21]. A neurobiological approach to fibromyalgia flares. Fibromyalgia flares result from the exacerbation of different physiopathological disturbances secondarily to stress on the following levels: autonomic nervous system, hypothalamo-pituitary-adrenal axis, spinal pain centers, peripheral tissues, and the insula. The “stressed person” pictogram at the top-right corner of a box or on a connector represents the direct effect that stress can have on the corresponding physiopathological disturbance, hence exacerbating it and the resulting downstream symptoms. The disturbed homeostatic state results from the sum of disturbances in each of the following: ANS, HPA axis, spinal pain centers, and peripheral tissues. ANS: autonomic nervous system; ATP: adenosine tri-phosphate; BP: blood pressure; CWP: chronic widespread pain; DA: dopamine; DRG: dorsal root ganglia; E: epinephrine; GI: gastro-intestinal; HPA: hypothalamo-pituitary-adrenal; HR: heart rate; IL-6: interleukin-6; NE: norepinephrine; NGF: nerve growth factor; NMDA: N-methyl-D-aspartate; NO: nitric oxide; SP: substance P; 5HT: serotonin; ↑: increased; ↓: decreased. Facilitation of pain signals comprises both increased activity in excitatory pathways—where SP, glutamate, and NGF are key NTs—and decreased activity in descending inhibitory pathways—through dopamine, serotonin, norepinephrine, epinephrine, and endogenous opioids [26]. Studies have documented elevated levels of SP and NGF and decreased levels of serotonin byproducts in the cerebrospinal fluid (CSF) as proof of these dysregulations in FM [27–29]. Elevated levels of SP were also detected in some FM comorbidities (e.g., MDD, sleep disturbances, irritable bowel syndrome), with stress being a common denominator [30]. An American study on war veterans with either post-traumatic stress disorder or MDD measured CSF SP levels after certain external solicitations. These levels rose drastically in the first group after they were shown a video related to warfare, but remained unchanged in the second group that watched a video with neutral contents. It was concluded that SP concentrations can rise immediately after an acute stress [31]. After activation by painful stimuli, glial cells release neuroactive and inflammatory substances (e.g., NO, interleukin (IL)-1, IL-6, tumor necrosis factor alpha, and NGF) and upregulate the release of SP and glutamate, which enhances nociceptive transmission [32]. Drugs that hinder the action of these inflammatory mediators can avoid or reverse hyperalgic manifestations. As we have presented in a preceding article, pentoxifylline is a nonspecific cytokine inhibitor that has been shown to temper glial cell activation and subsequent painful manifestations in a way that leads to speculation about its potential efficacy in the treatment of FM symptoms [33]. In their literature review, Lyon et al. [30] emphasize the idea that central sensitization should be viewed as part of stress-response. SP—acting mainly via the NK1 receptor—is widespread throughout the body and plays a major role in this process: it is implicated in the cognitive and affective aspects of stress-response; it is produced by several inflammatory cells and has pro-inflammatory actions; it facilitates transmission of noxious messages and is involved in central sensitization; and finally, it up-regulates stress hormones and down-regulates endogenous opioids and serotonin—both of which play a role in the inhibitory modulation of pain signalization [30,34]. The HPA axis is hypoactive in FM, a profile seen in atypical depressions where pain and fatigue are central features. Also, as in MDD, there is a flattening of diurnal cortisolemia variations. This ominous finding predicts the subsequent development of depression, fatigue, and CWP, as presented in Maletic and Raison’s work on the neurobiology of depression, FM, and neuropathic pain [32] (Figure 1). On the other hand, patients with FM also present with perturbations of the autonomic nervous system (ANS) best defined as a state of chronic sympathetic hyperactivity with consequent hyporesponsiveness in acute settings (Figure 1). At baseline, persistent sympathetic activation results in symptoms like tachycardia, high blood pressure, gastrointestinal symptoms, and sleep disorders [35]. Furthermore, following a disturbed sleep, sympathetic stimulation of adipocytes β2-adrenergic receptors increases IL-6 secretion by these cells. IL-6 is a pro-inflammatory cytokine that can exacerbate symptoms of pain, fatigue, nausea, and daytime somnolence [36]. During acute stress, the ANS response is suboptimal and fails to provide the necessary stress adaptation, which explains the symptoms of fatigue, asthenia, and stiffness reported by patients, especially in the morning [35]. On the other hand, according to a recent literature review done by K. Kozlowska in 2013, external stress activates the HPA/sympathetic systems that stimulate muscle spindles and increases their resting tone in preparation for action (i.e., the fight or flight response). Internal psychological stressors induce the same stereotyped activation (Figure 1). Unused built-up muscle tone will translate into muscle pain and tender points consisting of the tensed spindles themselves [36]. Stress-induced muscle pain is also dependent on local mechanisms (i.e., adenosine triphosphate depletion, hypocarbia secondary to hyperventilation, and lactic acid accumulation) [36,37]. Moreover, with disease evolution, the nociceptive pathway develops catecholamine sensitivity via the expression of new adrenergic nerve terminals and receptors on peripheral C-fibers (that convey noxious stimuli) and at the dorsal root ganglia. Hence, stress-induced catecholamine release can have a direct potentiating effect on the nociceptive signaling pathway [35]. Finally, all these homeostatic upsets are communicated to the insula via autonomic afferent tracts, where a subjective representation of the painful experience is formed [32,36] (Figure 1). MDD and FM share numerous environmental, neurobiological, and genetic foundations, proving that emotional and noxious processing systems are intricate and overlapping. Incidentally, central sensitization is actually related to the kindling process described in depression, both entailing that each episode renders subsequent episodes more likely and less dependent on external triggers [32]. Arnold et al. [38] reported that the lifetime prevalence of MDD in FM patients is 4.3 times higher than in the general population. It varies from 20% to 80%, depending on studies [39]. MDD and FM share common genetic vulnerabilities. This issue was addressed by Maletic and Raison in 2009 [32]. In their review, many genes have been mentioned as possibly predisposing for both FM and MDD. In this regard, given that stress is a key trigger of symptom exacerbation, it is interesting to notice that the “s” allele of the 5HTTPR gene, documented as a predisposing mutation in both disorders, has also been implicated in disturbances in stress-response [32]. On the other hand, FM and MDD also share certain functional neurological patterns. For instance, the somatosensory cortices, the insula, the amygdala, and the anterior cingulate cortex (ACC) exhibit increased activity after painful stimulation in FM patients in comparison with healthy controls [40]. Increased activity in the amygdala and ACC has also been reported on functional imaging in MDD [41]. Maletic and Raison also addressed this matter. They emphasized the central role that the insular cortex plays in the regulation of emotion and pain by integrating the person’s current homeostatic state via sensory-affective assimilations and creating a subjective bodily sense of self. They also noted a reduction in hippocampal volume in MDD and FM, which translates as compromised pain and emotion regulation, as well as sleep, cognitive, and neuroendocrine disturbances [32]. FM and MDD share not only basic and sizable pathogenic processes but also a pharmacologic arsenal. Serotonin and norepinephrine are two crucial dysregulated NTs of the descending inhibitory pathway in FM. Consequently, tricyclic antidepressants and new SNRIs (e.g., venlafaxine and duloxetine), which have a far better side effect profile, would improve mood but also reduce pain [42]. Moreover, two recent randomized controlled trials on duloxetine showed that its efficacy on pain was independent of its antidepressant properties [43,44]. In conclusion, the co-occurrence of MDD and FM seems to be the rule rather than the exception, with some authors considering both to be two clinical presentations of a single disorder. In fact, common genetic, biologic, and environmental determinants of MDD and FM contribute to the setting of fragile brain circuitries (i.e., pain matrix) that process emotions, cognitions, pain, and, more globally, any type of stress that is impinged on them in an aberrant manner. Patients suffering from rheumatologic disorders commonly report stressing events prior to the onset of their disease or concomitantly with an exacerbation of symptoms of a preexisting disorder. Several works have studied the relationship between psychological stressors, flares, and poor prognosis in rheumatoid arthritis and systemic lupus erythematosus. The basis for this relationship is stress-induced dysregulations in two important systems: the HPA/sympathetic system and the inflammatory/immune system [45]. A recent study reported that children who were victims of at least two childhood traumas had twice the risk of developing rheumatic diseases later in life [46]. A subgroup of studies also focused on how stress influences symptoms, especially pain, in non-autoimmune rheumatic disorders like FM [41]. Furthermore, two recent meta-analyses studied the effect of traumatic life events (namely sexual assault and physical abuse) on the occurrence of FM. They found positive associations between FM and both trauma intensity and frequency [47,48]. Moreover, patients reporting depressive symptoms at baseline had a risk of reporting FM symptoms later on that was six times higher than that of patients free of depression, and these depressive symptoms were found to be the strongest independent predictor [21]. Even though FM flares are commonly observed in a clinical setting, they have never been studied from a neurobiological standpoint as a full-fledged entity in the natural history of this disorder [45]. A growing body of evidence has characterized central sensitization as the cornerstone for the development of FM [20], and it is now viewed as the long-term result of an aberrant stress-response system [30]. It is thought to arise from the higher rates of physical and psychological traumas experienced by FM patients prior to the onset of their disease, impinged on genetically-determined defective neural circuitry to process these traumatic experiences [49]. After central sensitization occurs, a widespread reduction in pain thresholds and overall pain tolerance ensues. Henceforth, minor stimulations are able to perpetuate the painful experience (i.e., allodynia and hyperalgesia) both at and beyond the site of the initial eliciting event. This is why FM pain is rightfully termed chronic and widespread [20]. At baseline, ANS hyperactivity is accountable for such symptoms as tachycardia, high blood pressure, gastrointestinal disturbances, and poor sleep, with daytime fatigue, nausea, and somnolence occurring as a result of troubled sleep mainly due to the secretion of IL-6 by adipocytes [35,36]. Furthermore, the poor variability in cortisol activity also predicts the subsequent development of CWP, tiredness, and depression [32]. In periods of stress, activation of the sympathetic system solicits the musculoskeletal system, irrespective of the external or internal nature of the stressor. Stimulation of muscle spindles causes a buildup of tonicity supposedly intended for action. Unused muscle tone ultimately manifests as pain and tenderness, especially in the proximal musculature. Additionally, hypocarbia, adenosine triphosphate depletion, and lactic acid accumulation also potentiate muscle exhaustion and ache. Finally, sensitization to catecholamines—via the expression of new adrenergic nerve terminals and receptors—along the nociceptive pathway allows for its direct stimulation by the ANS during stress [36–38]. Nonetheless, the ANS activity remains suboptimal and provides insufficient adaptation during periods of stress. This results in a reduced heart rate variability and a state of asthenia and morning stiffness [35]. Moreover, a number of anomalies seen within the nociceptive center in the dorsal horn further explain symptom exacerbations in periods of stress. First and foremost, the acute rise in SP concentrations in response to upsetting stressors causes additional potentiation of nociceptive signaling and intensification of CWP [28,30,31,34]. Simultaneously, stress-induced activation of glial cells in the neuronal milieu boosts the transmission of pain messages via further upregulation of SP, NGF, glutamate, and a myriad of pro-inflammatory substances [32,33]. On a higher level, the insular cortex sums up all of the previously described homeostatic disruptions via autonomic afferents, and forms an integrated representation of the painful experience. This subjective perception of ill-being further aggravates both mood and pain state, given the intricate connections between the insula and the rest of the pain matrix, especially the amygdala and the hippocampus that play a crucial role in depression [32,36]. In summary, FM is a chronic pain syndrome, but its natural evolution is also characterized by periods of symptom exacerbation more often than not triggered by stress. It seems that these flares begin centrally due to a central sensitization but are by HPA axis and ANS aberrant in response to stress. This central sensitization manifests in a of several nociceptive in painful in different body and with With events and subsequent FM flares, an of the painful experiences in corresponding with of the corresponding subjective representation of body This in may explain why FM flares can be triggered by a myriad of events after a chronic evolution of the of"
3D magnetic resonance spectroscopic imaging reveals links between brain metabolites and multidimensional pain features in fibromyalgia,Jeungchan Lee|Ovidiu C. Andronesi|Ángel Torrado-Carvajal|Eva‐Maria Ratai|Marco L. Loggia|Akila Weerasekera|Michael P. Berry|Dan‐Mikael Ellingsen|Laura Isaro|Asimina Lazaridou|Myrella Paschali|Arvina Grahl|Ajay D. Wasan|Robert R. Edwards|Vitaly Napadow,2021,11,Open Access,"BACKGROUND: Fibromyalgia is a centralized multidimensional chronic pain syndrome, but its pathophysiology is not fully understood. METHODS: We applied 3D magnetic resonance spectroscopic imaging (MRSI), covering multiple cortical and subcortical brain regions, to investigate the association between neuro-metabolite (e.g. combined glutamate and glutamine, Glx; myo-inositol, mIno; and combined (total) N-acetylaspartate and N-acetylaspartylglutamate, tNAA) levels and multidimensional clinical/behavioural variables (e.g. pain catastrophizing, clinical pain severity and evoked pain sensitivity) in women with fibromyalgia (N = 87). RESULTS: Pain catastrophizing scores were positively correlated with Glx and tNAA levels in insular cortex, and negatively correlated with mIno levels in posterior cingulate cortex (PCC). Clinical pain severity was positively correlated with Glx levels in insula and PCC, and with tNAA levels in anterior midcingulate cortex (aMCC), but negatively correlated with mIno levels in aMCC and thalamus. Evoked pain sensitivity was negatively correlated with levels of tNAA in insular cortex, MCC, PCC and thalamus. CONCLUSIONS: H-MRS studies, but also highlight other areas not as commonly targeted, such as PCC, as important for chronic pain pathophysiology. Identifying target brain regions linked to multidimensional symptoms of fibromyalgia (e.g. negative cognitive/affective response to pain, clinical pain, evoked pain sensitivity) may aid the development of neuromodulatory and individualized therapies. Furthermore, efficient multi-region sampling with 3D MRSI could reduce the burden of lengthy scan time for clinical research applications of molecular brain-based mechanisms supporting multidimensional aspects of fibromyalgia. SIGNIFICANCE: This large N study linked brain metabolites and pain features in fibromyalgia patients, with a better spatial resolution and brain coverage, to understand a molecular mechanism underlying pain catastrophizing and other aspects of pain transmission. Metabolite levels in self-referential cognitive processing area as well as pain-processing regions were associated with pain outcomes. These results could help the understanding of its pathophysiology and treatment strategies for clinicians."
Large-scale momentary brain co-activation patterns are associated with hyperalgesia and mediate focal neurochemistry and cross-network functional connectivity in fibromyalgia,Ishtiaq Mawla|Zirui Huang|Chelsea Kaplan|Eric Ichesco|Noah Waller|Tony E. Larkin|Helge J. Zöllner|Richard A.E. Edden|Steven E. Harte|Daniel J. Clauw|George A. Mashour|Vitaly Napadow|Richard E. Harris,2023,22,Open Access,"ABSTRACT: Fibromyalgia has been characterized by augmented cross-network functional communication between the brain's sensorimotor, default mode, and attentional (salience/ventral and dorsal) networks. However, the underlying mechanisms of these aberrant communication patterns are unknown. In this study, we sought to understand large-scale topographic patterns at instantaneous timepoints, known as co-activation patterns (CAPs). We found that a sustained pressure pain challenge temporally modulated the occurrence of CAPs. Using proton magnetic resonance spectroscopy, we found that greater basal excitatory over inhibitory neurotransmitter levels within the anterior insula orchestrated higher cross-network connectivity between the anterior insula and the default mode network through lower occurrence of a CAP encompassing the attentional networks during sustained pain. Moreover, we found that hyperalgesia in fibromyalgia was mediated through increased occurrence of a CAP encompassing the sensorimotor network during sustained pain. In conclusion, this study elucidates the role of momentary large-scale topographic brain patterns in shaping noxious information in patients with fibromyalgia, while laying the groundwork for using precise spatiotemporal dynamics of the brain for the potential development of therapeutics."
"Pregabalin Rectifies Aberrant Brain Chemistry, Connectivity, and Functional Response in Chronic Pain Patients",Richard E. Harris|Vitaly Napadow|John P. Huggins|L. Pauer|Jieun Kim|Johnson P. Hampson|Pia C. Sundgren|Bradley R. Foerster|M.D. Ilya Petrou|Tobias Schmidt‐Wilcke|Daniel J. Clauw,2013,254,Open Access,"BACKGROUND: Chronic pain remains a significant challenge for modern health care as its pathologic mechanisms are largely unknown and preclinical animal models suffer from limitations in assessing this complex subjective experience. However, human brain neuroimaging techniques enable the assessment of functional and neurochemical alterations in patients experiencing chronic pain and how these factors may dynamically change with pharmacologic treatment. METHODS: To identify the clinical action of pregabalin, a proven analgesic, the authors performed three complementary brain neuroimaging procedures: (proton magnetic resonance spectroscopy, functional magnetic resonance imaging, and functional connectivity magnetic resonance imaging) in 17 chronic pain patients diagnosed with fibromyalgia. RESULTS: The authors found that pregabalin but not placebo reduces combined glutamate + glutamine levels within the posterior insula (pregabalin P = 0.016; placebo P = 0.71). Interestingly, reductions in clinical pain were associated with reductions in brain connectivity of this structure to brain regions within the default mode network during pregabalin (r = 0.82; P = 0.001) but not placebo (r = -0.13; P = 0.63). Response of default mode network regions to experimental pain was also reduced with pregabalin (P = 0.018) but not placebo (P = 0.182). Perhaps most importantly, baseline values for all three neuroimaging markers predicted subsequent analgesic response to pregabalin but not placebo. CONCLUSIONS: The results of this study suggest that pregabalin works in part by reducing insular glutamatergic activity, leading to a reduction of the increased functional connectivity seen between brain regions in chronic pain states. The study also supports a role for human brain imaging in the development, assessment, and personalized use of central-acting analgesics."
Central metabolites and peripheral parameters associated neuroinflammation in fibromyalgia patients: A preliminary study,Ye-Ha Jung|Hyeonjin Kim|Seongho Seo|Dasom Lee|Jae‐Yeon Lee|Jee Youn Moon|Gi Jeong Cheon|Soo‐Hee Choi|Do-Hyung Kang,2023,7,Open Access,"To identify central metabolites and peripheral measures associated with neuroinflammation in fibromyalgia (FM), we scanned [11C]-(R)-PK11195 positron emission tomography and magnetic resonance spectroscopy in FM patients. We measured associations between neurometabolite levels measured by magnetic resonance spectroscopy and the extent of neuroinflammation inferred by the distribution volume ratios of [11C]-(R)-PK11195 positron emission tomography in 12 FM patients and 13 healthy controls. We also examined the associations between peripheral parameters, such as creatinine and C-reactive protein, and neuroinflammation. In FM patients, we found negative correlations between neuroinflammation and the creatine (Cr)/total creatine (tCr; Cr + phosphocreatine) ratios in the right (r = -0.708, P = .015) and left thalamus (r = -0.718, P = .008). In FM patients, negative correlations were apparent between neuroinflammation and the glutamate/tCr ratio in the right insula (r = -0.746, P = .005). In FM patients, we found negative correlations between neuroinflammation in the left thalamus (r = -0.601, P = .039) and left insula (r = -0.598, P = .040) and the blood creatinine levels. Additionally, we found significant correlations of other peripheral measures with neuroinflammation in FM patients. Our results suggest that both central metabolites, such as Cr and glutamate, and peripheral creatinine and other parameters are associated with neuroinflammation in patients with FM."
Evaluation of the efficacy of memantine in the treatment of fibromyalgia: study protocol for a doubled-blind randomized controlled trial with six-month follow-up,Bárbara Oliván‐Blázquez|Marta Puebla|Bárbara Masluk|Mari‐Cruz Pérez‐Yus|Raquel Arcega|Eva Andrés|Yolanda López del Hoyo|Rosa Magallón-Botaya|Miquel Roca|Javier García‐Campayo,2013,10,Open Access,"BACKGROUND: Fibromyalgia is a prevalent chronic rheumatic disease of great clinical importance. Recent studies have found raised levels of glutamate in the insula, hippocampus and posterior cingulate cortex regions of the brains of fibromyalgia (FM) patients. This finding has led researchers to speculate about the usefulness of glutamate-blocking drugs such as memantine in the treatment of fibromyalgia. The hypothesis of this study is that the administration of memantine will reduce the glutamate levels, and futhermore, will decrease the perceived pain. The aim of this study is to evaluate the efficacy of memantine in the treatment of pain (pain perception). A secondary objective is to evaluate the efficacy of memantine in the treatment of other clinical symptoms of FM, and to evaluate the efficacy of memantine in reducing brain levels of glutamate, and its effects on the central nervous system as a whole. METHOD/DESIGN: A double-blind parallel randomized controlled trial. Participants, Seventy patients diagnosed with FM will be recruited from primary health care centers in Zaragoza, Spain. Intervention. The subjects will be randomized in two groups: A) A treatment group (n = 35), which will receive 20 mg of memantine daily; B) A control group (n = 35), to which will be administered a placebo. There will be a six-month follow-up period (including a titration period of one month). Outcomes. The main efficacy variable of this study is pain (pain perception). The secondary efficacy variables are clinical symptoms (pain threshold, cognitive function, health status, anxiety, depression, clinical impression and quality of life) and glutamate levels in different regions of the brain, which will be assessed by magnetic resonance spectroscopy. Randomization and blinding. Randomization has been computer-generated, and the random allocation sequence will be implemented by telephone. Subjects of the study and the research assistants will be blinded to group assignment. DISCUSSION: There is a need for the development of innovative and more effective treatments for fibromyalgia. This clinical trial will determine whether memantine can be an effective pharmacological treatment for fibromyalgia patients. TRIAL REGISTRATION: Current Controlled Trials http://ISRCTN45127327 EUDRACT 2011-006244-73."
Percutaneous electric nerve field stimulation alters cortical thickness in a pilot study of veterans with fibromyalgia,Anna Woodbury|Lisa C. Krishnamurthy|Anastasia Bohsali|Venkatagiri Krishnamurthy|Jeremy L. Smith|Melat Gebre|Kari C. Tyler|Mark Vernon|Bruce Crosson|Jerry P. Kalangara|Vitaly Napadow|Jason W. Allen|Daniel Harper,2022,7,Open Access,"To evaluate changes in cortical thickness and right posterior insula (r-pIns) gamma-aminobutyric acid (GABA) concentrations in veterans with fibromyalgia treated with auricular percutaneous electric nerve field stimulation (PENFS). This was a randomized, controlled, open label investigation conducted in a government hospital. Twenty-one veterans with fibromyalgia were randomized to receive either standard therapy (ST; i.e., 4 weekly visits with a pain practitioner) or ST with auricular PENFS (ST + PENFS). Neuroimaging data was collected at baseline (i.e. before the first treatment session) and again within 2 weeks post-treatment.​ Clinical pain and physical function were also assessed at these timepoints. Single-voxel magnetic resonance spectroscopy was carried out in r-pIns to assess changes in r-pIns GABA concentrations and high-resolution T1-weighted images were collected to assess changes in regional gray matter volume using cortical thickness. Both the ST + PENFS and ST groups reported a decrease in pain with treatment. Volumetric: Cortical thickness significantly decreased in the left middle posterior cingulate (p = 0.018) and increased in the left cuneus (p = 0.014) following ST + PENFS treatment. These findings were significant following FDR correction for multiple comparisons. ST group right hemisphere insula cortical thickness increased post-treatment and was significantly (p = 0.02) inversely correlated with pain scores. ST + PENFS group right hemisphere posterior dorsal cingulate size significantly (p = 0.044) positively correlated with pain scores. GABA: There were no significant correlations with GABA, though a trend was noted towards increased GABA following treatment in both groups (p = 0.083) using a linear mixed effects model. Results suggest a novel effect of PENFS reflected by differential volumetric changes compared to ST. The changes in GABA that occur in both groups are more likely related to ST. Insular GABA and cortical thickness in key regions of interest may be developed as potential biomarkers for evaluating chronic pain pathology and treatment outcomes."
Functional and neurochemical disruptions of brain hub topology in chronic pain,Chelsea Kaplan|Andrew Schrepf|Deniz Vatansever|Tony E. Larkin|Ishtiaq Mawla|Eric Ichesco|Laura Kochlefl|Steven E. Harte|Daniel J. Clauw|George A. Mashour|Richard E. Harris,2019,78,Open Access,"A critical component of brain network architecture is a robust hub structure, wherein hub regions facilitate efficient information integration by occupying highly connected and functionally central roles in the network. Across a wide range of neurological disorders, hub brain regions seem to be disrupted, and the character of this disruption can yield insights into the pathophysiology of these disorders. We applied a brain network-based approach to examine hub topology in fibromyalgia, a chronic pain condition with prominent central nervous system involvement. Resting state functional magnetic resonance imaging data from 40 fibromyalgia patients and 46 healthy volunteers, and a small validation cohort of 11 fibromyalgia patients, were analyzed using graph theoretical techniques to model connections between 264 brain regions. In fibromyalgia, the anterior insulae functioned as hubs and were members of the rich club, a highly interconnected nexus of hubs. In fibromyalgia, rich-club membership varied with the intensity of clinical pain: the posterior insula, primary somatosensory, and motor cortices belonged to the rich club only in patients with the highest pain intensity. Furthermore, the eigenvector centrality (a measure of how connected a region is to other highly connected regions) of the posterior insula positively correlated with clinical pain and mediated the relationship between glutamate + glutamine (assessed by proton magnetic resonance spectroscopy) within this structure and the patient's clinical pain report. Together, these findings reveal altered hub topology in fibromyalgia and demonstrate, for the first time to our knowledge, a neurochemical basis for altered hub strength and its relationship to the perception of pain."
Summary of the Fibromyalgia Research Symposium 2016 in Nagasaki,Daniel J. Clauw|Hiroshi Ueda,2017,3,Open Access,"The IASP Satellite Symposium on Fibromyalgia (FM) took place from October 1 to 2 in Nagasaki, Japan. The conference was co-hosted by Dr. Hiroshi Ueda of Nagaskai University and Dr. Daniel Clauw from the University of Michigan. The conference began with opening remarks from Dr. Ueda and then the Keynote address was delivered by Dr. Clauw. Dr. Clauw stated his opinion that the pathophysiology of FM is fairly well understood and is primarily due to central nervous system (CNS) dysfunction that leads to multifocal pain, as well as fatigue accompanied by sleep, memory, and mood difficulties. Dr. Clauw made the case that the CNS theory of FM is the only one that has moved past simply showing an association between findings and the presence of FM to showing that specific CNS abnormality (eg, abnormal levels of neurotransmitters in the CNS) targeted by drugs with specific mechanisms of action leading to improvement in the subset of individuals with FM who display that particular pathophysiological abnormality. The following talk was by Dr. Winfried Hauser, who emphasized the importance of psychosocial stressors in the development and worsening of individuals with FM. Dr. Kathleen Sluka presented both preclinical and clinical data, suggesting that FM was characterized by diffuse hyperalgesia/allodynia and that both the periphery and CNS may be contributing to symptoms such as fatigue. Dr. Jon Levine presented mainly preclinical studies, suggesting that both CNS and peripheral factors could potentially be playing a role in FM. Dr. Hiroshi Ueda then presented a series of preclinical studies using an intermittent cold stress model in mice that leads to the development of diffuse hyperalgesia and pain behaviors, reminiscent of those seen in FM, and responds to the same types of CNS-acting drugs that work in patients. Dr. Lars Arendt-Nielsen presented a series of studies performed by his group and others showing that the cardinal features of diffuse hyperalgesia/allodynia can be identified in subsets of virtually every chronic pain condition. Dr. Hiroshi Oka introduced the current status of FM treatment in Japan. The first day ended with 2 speakers in oral presentation. Dr. Chie Usui gave a talk about positron emission tomography study in FM, and Dr. Deepak Sharan gave a talk about the 5-year follow-up of individuals in a multidisciplinary FM treatment center in India. The following day began with Dr. Claudia Sommer's presentation of her group's and others data showing that patients with FM have reduced intraepidermal nerve fiber density and postulated that this is playing a role in the pathogenesis of FM. Dr. Manuel Martinez-Lavin then presented his theory that FM is a sympathetically mediated pain syndrome. Dr. Roland Staud suggested that some of the CNS hyperalgesia in FM is reduced when individuals are infused with lidocaine, such that peripheral nociceptive input might be partly responsible for driving the central sensitization seen in FM. Dr. Eva Kosek then followed by presenting neuroimaging and quantitative sensory testing data, suggesting that the CNS hyperactivity in FM can be modulated by both pharmacological and nonpharmacological therapies. Dr. Richard Harris followed by showing evidence that the endogenous opioid system may be partly responsible for the CNS hyperactivity and symptoms seen in FM and suggested that this may explain why opioid therapy is often either ineffective in FM or sometimes actually leads to worsening of symptoms. The following oral presentation was by Dr. Kenji Miki who showed a phase IIa trial of mirtazapine which showed some evidence of efficacy in FM, and then Dr. Kenichi Osada presented a new device for detection of small fiber neuropathy. Abstracts of all presentations whose authors expressed an interest in participating in this report are presented below. In summary, this internationally recognized set of speakers highlighted the fact that much is now known regarding the potential pathogenic mechanisms in FM. Nearly all agree that CNS factors play a predominant role in FM, but there are emerging data suggesting that peripheral factors may also play a role in some individuals and that these individuals might benefit from a different treatment plan than those with pure CNS disease. Overview of fibromyalgia clinical syndrome [Keynote Lecture] Daniel J. Clauw The University of Michigan, Ann Arbor MI, USA The thinking regarding fibromyalgia (FM) has changed tremendously over the past 2 decades. Originally thought to be a discrete disorder, it is now clear that it might be better considered the end of a continuum, where the key clinical features are multifocal pain accompanied by somatic syndromes such as fatigue, sleep, and memory difficulties. Many but not all individuals with FM also have elevated levels of psychological distress—but both clinical and mechanistic studies clearly demonstrate that the key elements of fibromyalgia and psychological distress are independent of each other (but often co-occur). This independence of FM from psychological factors is especially true in individuals who have elevated high levels of “fibromyalgianess” (FMness—or centralized pain) but do not meet criteria for fibromyalgia. In these individuals with “sub-threshold FM,” there is a linear relationship between FMness and important clinical features (eg, nonresponsiveness to opioid analgesics and surgery), and this linear relationship only disappears when studies focus only on individuals at the end of this continuum (ie, those who meet criteria for FM). The neurobiology of FM and centralized pain is becoming increasingly well understood, with abnormalities in levels of central nervous system (CNS) neurotransmitters, increases in pain and sensory responsiveness, and neuroimaging evidence of changes in functional connectivity as well as the size and shape of key brain structures. Nearly all of the treatments that are effective for subsets of patients with FM are directed toward these CNS abnormalities. Fibromyalgia is now considered in the broader pain field to be the model for centralized pain, wherein pain and other symptoms are originating more so from the CNS than the periphery. Individuals with centralized pain are less responsive to classic and commonly used analgesic regimens (nonsteroidal anti-inflammatory drugs, opioids, injections, and surgery). They respond better to CNS-acting analgesics and aggressive use of nonpharmacological therapies aimed at the CNS. In summary, FM and centralized pain is “a different type of pain that requires an entirely different type of treatment.” [Lecture-1] The importance of psychosocial factors in the etiology and management of fibromyalgia Winfried Häuser Department of Psychosomatic Medicine and Psychotherapy, Technische Universität München, Germany A model of interacting biological and psychosocial variables in the predisposition, triggering, and development of the chronicity of fibromyalgia syndrome (FMS) has been suggested. One prospective longitudinal population-based study demonstrated the association of lifestyle factors (sleep disturbances, obesity combined with low physical activity, and smoking) and the development of FMS. Workplace bullying and depression predicted the onset of FMS in one longitudinal cohort study each. A systematic review of case–control studies demonstrated an association of retrospective reports of childhood physical and sexual abuse and diagnosis of FMS in adulthood. Traumatic and major life events and long-term daily hassles might contribute—in genetically predisposed individuals—to central sensitivity and impaired descending pain inhibition. The lifetime prevalence of mental disorders (anxiety, depression, and posttraumatic stress disorder) is up to 80% in patients with FMS. A systematic review of case series demonstrated that depression has a negative impact on FMS outcome (severity of symptoms and disability) and the success of multicomponent treatment. Two case series demonstrated that posttraumatic stress disorder has a negative impact on FMS outcome and working status. A network meta-analysis demonstrated that drugs and cognitive behavioral therapies (CBTs) did not significantly differ in their efficacy at the end of treatment. However, the positive effects of drugs disappear after discontinuation within 2 weeks. In contrast, CBTs have a sustained reduction of pain, disability, and depression at 6-months follow-up (Cochrane review of randomized controlled trial). Finally, acceptance-based CBT was superior to the best available drug therapy (duloxetine and/or pregabalin) in improvement of quality of life at the end of treatment and at 6 months in a randomized controlled trial. Management of moderate and severe forms of FMS which are mainly due to mental comorbidities should include a mental health care specialist. [Lecture-2] Mechanisms underlying the transition from acute to chronic pain Kathleen A. Sluka The University of Iowa, Iowa, USA The underling mechanisms involved in the transition from acute to chronic pain are critically important for preventing and treating chronic pain. Multiple stressors in a critical window may alter central neuron excitability and local immune responses. Neuronal plasticity in the nervous system and alterations in the local immune system by these stressors may underlie the development of chronic widespread pain. Dr. Sluka will present ongoing research examining the neurobiological mechanisms underlying the development of chronic widespread pain. She will data examining and the role of immune system in the and alterations in descending in of chronic widespread pain. the nerve of that Jon Levine Department of Medicine and of University of USA Fibromyalgia is a chronic widespread pain syndrome that has or that and may present as a of development of preclinical a to underlying the importance of stress in fibromyalgia have on of pain. The of these studies will be presented and the role of the stress mechanisms and in chronic pain model to fibromyalgia in mice Hiroshi Ueda Department of and University of Nagasaki, have a model of chronic pain model to using intermittent cold stress This model was to and other to and was only after the In this will a series of pharmacological studies and underlying brain mechanisms and better the mice in a cold at to followed by with between and every from to day the mice to and to a of for 1 the In the chronic pain model in analgesic effects when in a or was when or an was The of with an of showed of pain at for after the of However, there was after the from chronic pain. The with the also showed a of by In contrast, type of showed effects the and treatments showed from pain the treatments with analgesic effects treatments with also showed a from the chronic pain, but was not will about brain mechanisms of all these between fibromyalgia and other chronic pain Lars Arendt-Nielsen for of and central sensitization are important mechanisms for fibromyalgia (FM) and pain in Many between different chronic pain pain may from a pain a to a widespread pain such as FM. the pain from one to the more and more sensory abnormalities with sensory abnormalities in FM. is evidence that as well the of ongoing pain as the of pain the of This is important to as it the importance of the ongoing for the in (eg, where the peripheral nociceptive are it is more FM where the are less is that pain diagnosis and therapy should be and pain should be and to such mechanistic clinical to mechanisms and are not and to the different are for the pain sensitization mechanisms in patients with FM and other patients with pain have been and the to pain mechanisms such as descending and can to patients with FM on the role of the pain sensitization mechanisms involved and have been used as to pain after pharmacological or in of pain clinical benefit of a therapy with quantitative of the pain sensitization mechanisms involved new for better and for and management in specific for pain the underlying mechanisms underlying This mechanistic is of importance for better and for pain management The that FM and other features has FM as the one end as a pain at the other This has some new the development of the sensitization from one to the Fibromyalgia treatment in Hiroshi Oka have clinical for fibromyalgia (FM) in Japan. The first clinical trial was This trial demonstrated that at of up to was effective for the of pain in patients with FM. also of and and was well data that is an effective treatment for the of pain and in patients with FM. The clinical trial was treatment was with in and of the in the pain and of the and treatment was and well that treatment could be with in pain and in patients with FM. The clinical trial was mirtazapine with mirtazapine a significantly analgesic and significantly in in of and role or mirtazapine was to be effective in FM pain in patients other treatments are and in Japan. The role of peripheral in fibromyalgia syndrome Claudia Department of University of Germany In data have showing and functional abnormalities of peripheral in patients with fibromyalgia syndrome the data by of this may be true for of the patients as the fibromyalgia group and may an important In quantitative sensory testing has in and in patients with of in and or their data from the testing are by findings from studies using and which reduced in patients with FMS. these do not a between a in peripheral or central of the and findings have this by data from a of patients with FMS has a reduced intraepidermal nerve fiber a peripheral This is by where patients with those with small fiber have in patients with FMS have abnormal which from patients with small fiber neuropathy. A for this is the that in patients with FMS are than those of A first potential for the small fiber of FMS has from research on showed that and are expressed in of patients with FMS with small nerve fiber research is to the of these findings for the pathophysiology of FMS. Fibromyalgia as a sympathetically pain syndrome Manuel Martinez-Lavin Department of of group has that fibromyalgia is a pain syndrome on the following fibromyalgia is a pain the presence of as an of and the presence of as a of fibromyalgia. that fibromyalgia pain is sympathetically on the following the high of or psychological stressors as a studies showing that patients with fibromyalgia have changes with ongoing a study that fibromyalgia the of the and the and studies using the showing that fibromyalgia patients have symptoms. The of small fiber in patients with fibromyalgia the of fibromyalgia as a sympathetically pain syndrome. has the presence of small nerve fiber in fibromyalgia. The an between fibromyalgia and small fiber neuropathy. fibromyalgia is with the However, in are present in of patients with small fiber neuropathy. Fibromyalgia is a sympathetically pain syndrome. dysfunction a for the fibromyalgia symptoms. could a fibromyalgia are mechanisms of pain and fatigue in patients with fibromyalgia or chronic fatigue Roland Staud Department of and University of USA with pain syndrome fibromyalgia (FM) of chronic pain from as well as often fatigue. research the of input from for clinical FM pain. of to to chronic fatigue. patients with FM and patients with chronic fatigue 2 controlled studies to or the and In to pain and fatigue, study variables and all patients to by after the the study drug or hyperalgesia at the and of FM and chronic fatigue syndrome significantly more after than for hyperalgesia at the injections, clinical FM pain and chronic fatigue significantly by and to could not or that can clinical FM pain and chronic fatigue and that peripheral input is for the of hyperalgesia and chronic fatigue in patients with chronic pain. studies by an and and of the authors have or other that might in a of The effects of treatment on central pain from functional studies Eva Kosek Department of and and Fibromyalgia (FM) is with a to and data a dysfunction of descending pain central sensitization has been to be an important pathophysiological in FM. The is by studies using functional nociceptive and reduced of and in pain abnormalities not with the of depression or suggesting of negative and nociceptive In patients with FM less functional connectivity within the pain network and changes such as and reduced brain was an between these functional and and both more in patients with a of FM, suggesting a of in FM. a of FM predicted a better outcome after a treatment with the The of improvement and in pain sensitivity after the treatment to of a with pain and the In contrast, of cognitive therapy did not clinical pain or pain sensitivity but of in cognitive and of Finally, a of physical for reduced symptoms and pain The elevated and in the of patients with FM after the was not that peripheral mechanisms involved in pain However, a of and cognitive was seen in patients with FM after the In demonstrated that at some of the abnormalities in patients with FM are The fact that different treatment specific mechanisms the for therapies in FM. of sensory in fibromyalgia Richard Harris Department of University of Michigan, Ann Arbor MI, USA can be all sensory sensory and relationship to pain in clinical has been Fibromyalgia is the centralized chronic pain that is characterized by symptoms of sensory wherein individuals have to and it is thought that this a of sensory that work that the for this sensory may within the as this has as well as functional connectivity that have both been with the of clinical pain in this will present data sensory to as well as in patients with fibromyalgia and also changes in this can be modulated with a showing efficacy in this will functional has that by is with chronic pain in fibromyalgia. of this by the analgesic is accompanied by in clinical pain. treatment in with in major and functional connectivity between the network of brain and Finally, will also present data from using to brain that can patients with fibromyalgia from with a of treatment effects on can also patients with as with patients from and from treatment data that abnormal of within the may a pathophysiological in centralized chronic pain. to may also have as a for analgesic drug development in particular for that the central nervous This work is by from the Department of and of A study of brain in fibromyalgia by positron emission tomography Chie Usui Department of University The of this study was to the brain with in patients with fibromyalgia a of patients with FM and from pain and who for and positron emission tomography was in both patients with FM and A group was performed using was in this some as was in brain between patients with FM and However, the and in patients with FM with with the In contrast, the and in patients with FM with with the with patients with FM with FM patients with showed in the and findings an association between the in the and and a in patients with FM. study with of patients is to this This research is by the chronic pain research from the for and of a multidisciplinary for follow-up Deepak Sharan A study was in to the outcome of a multidisciplinary for fibromyalgia syndrome (FMS) in and at a follow-up of 1 A 5-year follow-up study was performed in the same the by an and and with a multidisciplinary The pain and with fatigue using and depression with of Fibromyalgia and the and 1 was a and in the 5-year follow-up changed their and could not be the first at and 5-year and for pain, and 1 for fatigue, and 1 for and and for of showed a between Fibromyalgia and of the first and 5-year improvement in pain sleep, and fatigue was after the 5-year The not specific treatment for FMS other than at the of the This study the for a multidisciplinary for effective treatment of FMS. was a improvement in pain, sleep, fatigue, depression, and quality of and the effects at a follow-up of of mirtazapine for the treatment of fibromyalgia a randomized phase IIa study in Kenji Hiroshi Kenichi of University of for pain University of and of University of University of the efficacy and of mirtazapine in patients with fibromyalgia a randomized phase IIa study was at to who the of FM criteria and high pain a to mirtazapine for 1 and then or for weeks. The was in pain from to or patients randomized each each for the the mirtazapine a significantly reduction of pain with to The reduction by mirtazapine with from 6 also quality of life by the of the Fibromyalgia and the events more with mirtazapine than and In mirtazapine was an effective and treatment for patients with FM. The to the for fibromyalgia to the pain with the Kenichi Chie of University of Medicine of of of of of of of of in a of patients with pain with small fiber the for the patients with fibromyalgia by the pain with small fiber study was a prospective cohort study in by was to patients with as the same as the patients with pain. the pain of fibromyalgia was with the The to the pain of the patients with depression was with that of the considered that these data demonstrated that patients with fibromyalgia the for the first in the considered that fibromyalgia might be to the pain syndrome. on fibromyalgia patients with Department of Fibromyalgia is the that leads to somatic in to pain of the This patients with fibromyalgia with and the of patients with fibromyalgia from to in the the patients with fibromyalgia with or patients for diagnosis by the In the of efficacy of treatment in the fibromyalgia group with and the diagnosis of fibromyalgia used and the treatment was with the more than first and months in the patients of which there pain syndrome or 2 The efficacy of treatment with and was and The patients with fibromyalgia with of pain than those but their after pain with fibromyalgia with could pain than those but their after pain brain changes in patients with chronic fatigue of a longitudinal study by a study Richard for and of fibromyalgia as a disorder has been by longitudinal research and of evidence of The chronic fatigue syndrome is a disorder with of clinical features with fibromyalgia The of this study was to for and brain changes in patients with and brain performed and of study new and new for an independent study using and of and of of in between and for the and in a reduction over 6 in the of significantly reduced in the in the first in functional somatic in have demonstrated by a the these data that patients with a chronic brain syndrome. there reports of in depression, or by the mirtazapine of chronic pain and in an intermittent cold mice Hiroshi and Department of and University of have a model of chronic pain model to fibromyalgia using intermittent cold stress This model was to and other to and was only after the In a series of studies, the effects of and but not in the these findings the to the clinical evidence for FM. In this focus the effects of types of in of the of action and the mice in a cold at to followed by with between and every from to day the mice to and to a of for 1 the and showed effects when but not or at a showed effects by effects also by but not of mirtazapine from to the of abnormal pain at after the of In these treatments also the analgesic these findings that mirtazapine treatments the abnormal pain or pain memory in a effects by of or with in intermittent cold model in mice Hiroshi Ueda Department of and University of are for better treatments for chronic pain by use of intermittent cold stress model in In a series of studies, have demonstrated that the model has features to fibromyalgia in of pathophysiological chronic pain with and to and but not In the mice in a cold at to followed by with between and every from to day the mice to and to a of for 1 the In this the of for the effects of and showed effects in the The combined treatment with a effective and the of The combined daily treatments of and from to the after the of drug showed effects when but not The of with type of showed and treatments also the after the of drug are the mechanistic of the in of and and in intermittent cold and in mice Hiroshi Ueda Department of and University of have a model of chronic pain model to fibromyalgia using intermittent cold stress This model was to and other to and was only after the In this the pharmacological features in model and in this focus the effects of and the mice in a cold at to followed by with between and every from to day the mice to and to a of for 1 the and the it was as by Sluka cold stress model showed abnormal pain in and to or and pain model showed but not the pharmacological effects in both and performed at when or showed effects in the in a of to at in the was at and the hyperalgesia was at and In the much with the effective at the and did not in the it showed effects with 1 and 1 in the showed effects in both that model has more pain symptoms and features to the clinical evidence in of of than that is a new for the treatment of FM, and clinical should be"
Magnetic resonance imaging of neuroinflammation in chronic pain: a role for astrogliosis?,Chang Jin Jung|Eric Ichesco|Eva‐Maria Ratai|Ramón González|Tricia H. Burdo|Marco L. Loggia|Richard E. Harris|Vitaly Napadow,2020,44,Open Access,"Noninvasive measures of neuroinflammatory processes in humans could substantially aid diagnosis and therapeutic development for many disorders, including chronic pain. Several proton magnetic resonance spectroscopy (H-MRS) metabolites have been linked with glial activity (ie, choline and myo-inositol) and found to be altered in chronic pain patients, but their role in the neuroinflammatory cascade is not well known. Our multimodal study evaluated resting functional magnetic resonance imaging connectivity and H-MRS metabolite concentration in insula cortex in 43 patients suffering from fibromyalgia, a chronic centralized pain disorder previously demonstrated to include a neuroinflammatory component, and 16 healthy controls. Patients demonstrated elevated choline (but not myo-inositol) in anterior insula (aIns) (P = 0.03), with greater choline levels linked with worse pain interference (r = 0.41, P = 0.01). In addition, reduced resting functional connectivity between aIns and putamen was associated with both pain interference (whole brain analysis, pcorrected < 0.01) and elevated aIns choline (r = -0.37, P = 0.03). In fact, aIns/putamen connectivity statistically mediated the link between aIns choline and pain interference (P < 0.01), highlighting the pathway by which neuroinflammation can impact clinical pain dysfunction. To further elucidate the molecular substrates of the effects observed, we investigated how putative neuroinflammatory H-MRS metabolites are linked with ex vivo tissue inflammatory markers in a nonhuman primate model of neuroinflammation. Results demonstrated that cortical choline levels were correlated with glial fibrillary acidic protein, a known marker for astrogliosis (Spearman r = 0.49, P = 0.03). Choline, a putative neuroinflammatory H-MRS-assessed metabolite elevated in fibromyalgia and associated with pain interference, may be linked with astrogliosis in these patients."
Insular excitatory-inhibitory balance and amplification of functional connectivity during sustained pressure pain is associated with hyperalgesia and temporal summation in chronic pain,Ishtiaq Mawla|Eric Ichesco|Chelsea Kaplan|Andrew Schrepf|Steven E. Harte|Robert R. Edwards|Daniel J. Clauw|Vitaly Napadow|Richard E. Harris,2021,1,NOT Open Access,
“Seeing” How Our Drugs Work Brings Translational Added Value,Irene Tracey,2013,18,Open Access,"DEVELOPMENTS in neuroimaging over the past 2 decades have given us remarkable insight into the living human central nervous system. Whether the information is neurochemical, structural, or functional, a range of central nervous system disorders will undoubtedly benefit from an improved scientific understanding of the mechanistic changes that occur in vivo and over time as the condition develops or improves. The next challenge for neuroimaging is to deliver statistically robust information at an individual level, rather than group-averaging neural responses. This allows identified mechanisms with their concomitant neuroimaging markers to be related to your patient and their particular set of symptoms, possibly even providing measures that predict treatment response. The study in this month’s issue by Harris et al.1 moves us forward in understanding individual patient responses to analgesics and highlights how brain imaging can be used to distinguish drug from placebo effects in patients.Acute and chronic pain is one area where dramatic strides in our understanding of mechanisms have occurred. Functional imaging is a powerful tool that allows us to measure how the brain is processing and modulating nociceptive inputs to produce pain perceptions—a “behind the scenes” measure distinct from but obviously related to subjective descriptions of pain—a process that occurs subsequently. The relationship between the underlying neuroimaging measures and subsequent ratings and behavior is by no means a simple one. Many factors contribute to pain ratings, which irrespective of the nociceptive input or even the presence of strong analgesics mean divergences, and more complex relationships can occur between what subjects report and measured regional brain activity.2 This has tremendous value if you are careful with interpretation and do not consider or limit brain imaging as simply a surrogate measure of rating, as is sometimes purported. Other measures, say structural or neurochemical, might also provide clues as to the underlying mechanisms sustaining a chronic pain state or how the condition itself is changing the brain—all have value. One approach to test the clinical relevance of any of these measures is to treat the patient, say pharmacologically, and see how they change relative to definitive-standard clinical measures. However, given the differences in sensitivity of behavioral and neuroimaging measures alongside the complex relationship between brain processing of nociceptive inputs and subjective pain ratings, it is possible that a treatment can change structure, function, or neurochemistry in the absence of a significantly altered pain rating. That likelihood is why I find the study by Harris et al.1 published here so fascinating. Alongside identifying neuroimaging markers that correlate with baseline clinical pain scores and that are modulated by drug but not placebo, they also show results where the scenario just described occurs: that observation raises some interesting questions.Using a small cohort of female patients with fibromyalgia (14 and 17 for different neuroimaging measures) and a double-blind two-period cross-over study of pregabalin (dose escalation to 450 mg/day for 14 days, with maintained fixed dose of 450 mg/day for last 3 days) and placebo (using same regime), neurochemical, brain functional connectivity, and brain activity to pressure pain were collected in four separate imaging visits (pre- and posttreatment for the two arms) to determine which measures were modulated in the drug but not placebo arm.Proton magnetic resonance spectroscopy (1H-MRS) was used to determine the resting free glutamate and combined glutamate + glutamine (Glx) concentration within the brain. This Glx measure likely reflects the brain’s excitatory “tone,” based on recent observations linking resting variances in γ-aminobutyric acid and Glx levels to neural activity and decision making.3 Also, previous observations that show Glx is increased within the posterior insular cortex of patients with fibromyalgia and decreases with successful treatment support its relevance in pain. The insular cortex is a prime candidate to monitor and target in pain studies aimed at assessing longitudinal treatment effects. Data from a wide array of studies support a pivotal role for the posterior insula/inner operculum in encoding and in certain circumstances generating pain experiences—the anterior insula is more involved with modulation, interpretation, and awareness of the pain.4 Harris et al.’s second measure linked activity within the insula to a core neural network that is fundamental to brain function: the Default Mode Network (DMN). This network, active at rest and comprising the medial temporal lobe, medial prefrontal cortex, posterior cingulate cortex, precuneous, and medial, lateral, and inferior parietal lobules, is thought to be involved in introspection/self-referential thinking and memory retrieval. Increased connectivity to this network from the insula has been reported in patients with fibromyalgia, and this connectivity normalizes with successful treatment. The third measure examined DMN deactivation (a normal response to all stimuli as we move from introspection to response to a new stimulus) to stimulus evoked pressure pain. Combined, these three complementary measures were examined for their utility as potential “pathological” markers of the chronic pain state that might be modified by pregabalin but not placebo, and how they relate to each other and to pain ratings. The ability to take meaningful biological measures that relate to the pain condition and in vivo assess the impact of drug or placebo treatment on them provides indirect support of their potential relevance and insight into how analgesics influence pain mechanisms at a systems level. Other neuroimaging data highlight the impact of unmanaged chronic pain on the brain.5 Whether these are adaptive or maladaptive influences is debatable, and this uncertainty raises an interesting question as to whether quelling and attempting to normalize aberrant brain activity to minimize their impact, irrespective of any analgesic effect, is a good thing. What the authors showed is that all three measures, Glx (right posterior insula only), connectivity of anterior and posterior insula to a key region of the DMN, and deactivation of some DMN regions to evoked pressure pain, were altered (decreased for first two, increased deactivation for last) by pregabalin but not placebo. For the 17 patients who contributed to the Glx data, there were no changes in clinical pain ratings whether on pregabalin or placebo, but a significant effect of pregabalin on pressure pain ratings. For the 14 patients who contributed to the DMN analyses, there was a significant reduction in clinical pain on pregabalin but not placebo. Of note, many of the pretreatment baseline levels of these measures correlated with the magnitude of clinical pain at that time, supporting earlier work and their potential relevance as pathological “markers.” Harris et al. show also that clinical pain changes were predicted by resting connectivity and evoked neural activity (deactivation) in the DMN, whereas Glx within the posterior insula predict behavioral changes in evoked pain only. This observation tantalisingly suggests that the personalized medicine and stratification goals we so desperately want for our patients might be realized using neuroimaging alongside other measures being tested. Finally, it should be noted that the authors did not statistically and directly compare the changes pre- to posttreatment between drug and placebo arms. Group averaging pain-rating changes and comparing drug versus placebo is the norm; however, the assumption of additivity is currently being called into question. A brain “on-drug” might not necessarily be capable of mounting the same mechanistic placebo analgesic effects as a brain “off-drug,” and so it might not be the case that subtracting behavioral data on the placebo from the drug arm is always valid. This concern is the basis of their rationale. Despite this (yet to be confirmed) issue, the data here show distinguishable mechanistic-based brain activity changes during pregabalin administration that are not present during placebo. It will be important to ascertain how generalizable these results are across chronic pain conditions treated with pregabalin. Seeing how our drugs work—as done here—not only confirms the utility of neuroimaging-based measures in translational pain studies but also raises important questions for future treatment strategies and debate."
Elevated insular glutamate in fibromyalgia is associated with experimental pain ClinicalTrials.gov identifier: NCT00142597.,Richard E. Harris|Pia C. Sundgren|A. D. Craig|Eric Kirshenbaum|Ananda Sen|Vitaly Napadow|Daniel J. Clauw,2009,0,NOT Open Access,
Variation in glutamate and glutamine levels within the anterior insula are associated with changes in anxiety and pain in fibromyalgia (FM).,Richard E. Harris|Pia C. Sundgren|Eric Kirshenbaum|Zhe Xiang|Daniel J. Clauw,2008,0,NOT Open Access,
Dynamic levels of glutamate within the insula are associated with improvements in multiple pain domains in fibromyalgia ClinicalTrials.gov identifier: NCT00142597.,Richard E. Harris|Pia C. Sundgren|Yuxi Pang|Michael C. Hsu|M.D. Ilya Petrou|Seong Ho Kim|Samuel A. McLean|Richard H. Gracely|Daniel J. Clauw,2008,0,NOT Open Access,
Pregabalin reduces insula grey matter density in fibromyalgia (FM),Anson Kairys|Tobias Schmidt‐Wilcke|Jane E. Huggins|L. Pauer|Daniel J. Clauw|Richard E. Harris,2012,0,Open Access,
Cambios en la resonancia magnética cerebral asociados al síndrome de fibromialgia,Íñigo Murga|Virginia Guillén|José Vicente Lafuente,2017,16,NOT Open Access,
The Role of Insular Cortex and Prefrontal Cortex in the Pathogenesis of Fibromyalgia: Biochemical and Electrophysiological Rodent Study,Ahmed Abouelnaga|Abdelaziz M. Hussein|Marwa Abass|Mena Z Shafiek|Hala F. Zaki|Ahmed F. Mohamed|Weam W. Ibrahim,2025,0,Open Access,"Neuroimaging implicates the medial prefrontal cortex (mPFC) and insula in fibromyalgia (FM), but synaptic and network mechanisms are unclear. To verify mPFC hypersynapticity in a reserpine-induced FM model and test whether anterior insular deep brain stimulation (DBS) restores mPFC oscillations and pain behavior. Thirty-six male Sprague-Dawley rats received reserpine (1 mg·kg⁻¹ i.p., days 1-3) or vehicle. For Objective 1, mPFC tissue was analyzed by ELISA for glutamate, γ-aminobutyric acid (GABA), C-FOS, nerve growth factor (NGF), synaptophysin, and postsynaptic density protein-95 (PSD-95). For Objective 2, rats were assigned to control-sham, control-DBS, FM-sham, or FM-DBS. Monopolar DBS (130 Hz, 60 µs, 100 µA; 15 min·day⁻¹ for 3 days) targeted the anterior insula; local field potentials were recorded from mPFC, and thermal nociception was assessed by tail immersion and hot-plate tests. Reserpine increased glutamate, C-FOS, NGF, synaptophysin, and PSD-95 and reduced GABA (all p < 0.001), confirming hypersynapticity. Insular DBS increased delta-band normalized ratios (NR) in FM and controls (p < 0.0001), normalized FM-associated theta reductions, decreased alpha/beta NR in controls, and suppressed elevated gamma NR in FM (p < 0.0001). DBS increased withdrawal latencies in FM, indicating improved pain thresholds (p < 0.001). Reserpine induces biochemical hypersynapticity in mPFC, and brief anterior insular DBS rebalances mPFC oscillations and alleviates hyperalgesia. Insular DBS may correct cortical network dysfunction in FM."
(307) Reduced intradermal nerve fiber density follows sustained increases in insular glutamate: a pilot study examining the potential pathogenesis of small fiber pathology in fibromyalgia (FM),Chris Watson|Daniel J. Clauw|John M. Hayes|Eva L. Feldman|I. St Charles|Steven E. Harte,2017,0,Open Access,
Letter to the Editor: Reduced intraepidermal nerve fiber density after a sustained increase in insular glutamate: a proof-of-concept study examining the pathogenesis of small fiber pathology in fibromyalgia,Xavier J. Caro|Earl F. Winter,2019,0,Open Access,"Gentlemen: We wish to comment on the recent article by Harte et al.,6 and its implications for research in, and the understanding of, fibromyalgia (FM). In their study, the authors report a significantly diminished intraepidermal nerve fiber density (IENFD) in rats whose central nervous systems (CNSs) had been infused, over 6 weeks, with L-trans-pyrrolidine-2, 4-dicarboxylic acid (PDC), a compound known to increase CNS levels of glutamate. They note that FM is known to be associated with increased CNS levels of glutamate,5,15 and, thus, conclude that their findings show that increased CNS glutamate, in and of itself, is associated with reduced IENFD. They reason that the reduced and injured IENFD reported in FM3,8,11 is, therefore, likely to be an epiphenomenon because of increased CNS glutamate. They purport that their findings represent a “proof of [this] concept.” Despite the authors' arguments, we do herein respectfully question their conclusions. The authors have overlooked the potential role of a second relevant variable in their research design; that is, the systemic effect of the cranial surgery itself on these rodents. It has recently been demonstrated, for example, that humans admitted to an intensive care unit for traumatic brain injury (TBI) sustain a rather rapid onset peripheral neuropathic injury, including reduction in IENFD, ie, small fiber neuropathy.10 This small fiber neuropathy may be seen within days of admission and likely worsens over the ensuing weeks of their intensive care unit stay.13 It has been reported that such a TBI leads to both local and systemic immune activation including a low-grade cytokinopathy.7,9 Such an elevation in cytokines has been shown to correlate with reduced IENFD in FM.2 We certainly see no reason that this biologic phenomenon would not translate into the physiology of the rat model used by the authors. The authors' choice of a craniotomy-naive rat cohort for statistical comparison with their craniotomy-PDC–treated rats' IENFD appears, therefore, to be an unfortunate methodological choice. Even if the reader accepts that statistical analysis demonstrated a significant difference between the naive and PDC2-treated groups' IENFD (Fig. 2; P = 0.047), a problem remains. The trouble with this statistical result is that although the PDC2 group has undergone both surgery and bilateral PDC infusion, the naive group has undergone neither of these insults. Instead, comparison of the authors' craniotomy-PDC–infused (unilateral “PDC1” and bilateral “PDC2”) rat groups with their craniotomy-Ringer's solution–infused rat group seems a more appropriate IENFD control. This latter group was subjected to the same cranial trauma that their PDC-treated rat groups were, thus controlling for the effect of this surgical insult to the CNS. By their own statistical analysis, the authors report no significant differences in IENFD between these 3 study groups (Fig. 2). Furthermore, interpretation of the authors' data is hindered by the small number of observations within each of their experimental cohorts. This is particularly apparent in their analysis of the PDC2 group (N = 4), and when they conclude that the IENFD in a single rat (IENFD = 15.15 fibers/mm), whose microinjectors were “outside the insula,” suggested to them that the, “PDC effect may exhibit anatomical specificity to the insula.” We contend that an analysis of such small samples, including that of a single data point, is difficult and questionable at best. We also have concerns for the authors' observation that there were no substantial differences in the morphological features of the cytoarchitecture within the brain regions of the rats infused with PDC (Fig. 3). Our perusal of the “INS” (ie, insula)-labeled photomicrographs from the Ringer-treated and the PDC-treated groups (Fig. 3B) suggests a visible difference in the apparent morphology of this delicate tissue (evaluation with iMac Pro; resolution 5120 × 2880 pixels). Of course, we understand the potential difficulties in our judging published, web-based photomicrographs. We would merely suggest that the authors might have considered reporting the results of a controlled, blinded, systematically scored tabulation of the tissue slices used to grade and detect any such brain cytoarchitectural disruption, thus strengthening their “glutamate has done no harm” contention. Any apparent injury pattern in brain tissue would not simply be of academic interest. PDC infusion, as described by the authors, would be expected to flood the insula with glutamate, a known neuroexcitotoxin that might easily have led to important functional and structural changes in this delicate tissue.1,14 This flooding would come atop a hyperglutaminergic tide already produced by the TBI itself.14 The authors’ observation of enhanced hind paw nociception for mechanical and thermal, but not cold, stimuli in their rats parallels that seen by others using the lateral fluid percussion model of TBI.4.12 In that experimental model, lateral trephination of the calvarium is followed by a measured fluid, micro-hammer insult delivered to the rat brain without violating its blood–brain barrier, an injury typically followed by contralateral, sooner than ipsilateral, mechanica hyperalgesia, and thermal or cold allodynia. The only obstacle to invoking such an injury pattern to the authors' experiment is the seeming absence of a direct CNS injury, although broaching the dura mater and disruption of the blood–brain barrier might be considered an additive insult. Thus, our concern that PDC infusion, and its evoked hyperglutaminergic state, acts to produce a significant lesion in the rodent brain. We conclude, therefore, that the authors have demonstrated remarkable ingenuity in studying FM in an animal model. They have, however, apparently overlooked important and relevant variables in their research design and data analysis, particularly the potential role of head trauma and PDC itself. We suggest that future study of their animal model, with these variables kept in mind, may show that PDC infusion, and consequent glutamate flooding of the rat CNS, at physiologic or nontoxic concentrations, is not—in and of itself—directly associated with reduction in IENFD, but likely mediates this effect via other well-described associated phenomena, such as activation of a local and systemic immune reaction and subsequent inflammatory response in the rat's brain and peripheral nervous system. Disclosures The authors have no conflict of interest to declare."
DIAGNOSIS OF FIBROMYALGIA IN HEALTH PRACTICE,Mahid Ullah,2023,0,Open Access,"Fibromyalgia is a chronic non inﬂammatory, non-autoimmune central aﬀerent processing disorder leading to a diﬀuse pain syndrome. It aﬀects individuals of diﬀerent age groups, sex and sociocultural background. It is estimated to aﬀect 2-5% of western population. The symptoms include widespread pain, fatigue, stiﬀness and sleep disturbance, cognitive problems and mood disorders (anxiety, depression or both) 1. The etiology of Fibromyalgia (FM) is unknown; however several factors may contribute to development as well as severity of symptoms of FM. Genetic polymorphisms have been reported in serotonin transporter and receptors, as well as in dopamine, beta2 adrenergic and glutamate receptor genes. 2 Middle aged women and young are more aﬀected. Sleep abnormalities, autonomic dysregulation, and psychological variables like perfectionist personality, negative beliefs, low self-esteem, depression and anxiety are the contributory factors.3 Physical examination and pathological investigations reveal no evidence of articular, osseous or soft tissue inﬂammation or degeneration. Patients may have tender points both above and below the waist. The previously followed criteria, depending on presence of tender points, are no more followed. In 2010, a new diagnostic criterion was adopted by American College of Rheumatology (ACR) 4. It has three points: - 1. Widespread pain index (WPI)&gt;7 &amp; a symptom severity (SS) score &gt;5 or widespread pain index 3-6 &amp; (SS) score &gt;9. 2. Symptoms present for at least 3.No other disorder to explain In diﬀerential diagnosis, many diseases need to be ruled out making the diagnosis of FM. These are systemic lupus erythematosis, systemic sclerosis, polymyositis, ankylosing spondylitis, osteomalacia, rheumatoid arthritis, polymyalgia rheumatic hypothyroidism, chronic hepatitis, HIV, hemo- chromatosis, celiac disease, myasthenia gravis, hyperthyroidism, myopathies, Sjogren`s, adrenal insufficiency, lymphoma and chronic fatigue syndrome.5 Although the exact pathophysiology of FM is unknown, most of the researchers believe that the pathophysiology of FM is due to the central sensitization within the CNS, manifesting as amplified pain perception. The specific abnormalities that have been observed in the aﬀerent pain procession areas of the CNS in FM patients, who exhibit the following symptoms: increased excitability of dorsal horn nuclei due to abnormal windup; increased levels of substance P, nerve growth factor, glutamate and aspartate measured in CSF of patients with FM 6expanded receptive fields for central pain perception (central sensitization); MRI shows expanded fields in the insula, anterior cingulate cortex and somatosensory area.7 The abnormalities within the descending analgesia system are also observed i.e decreased levels of pain inhibitory neurotransmitters including nor epinephrine, serotonin, dopamine and suppression of normal activity of dopamine releasing neurons in limbic system.1 The management of FM is very challenging. It has many components i.e patient education, physical exercises, analgesia, treatment of associated condition like anxiety, depression, and mood disorders. Counseling about the disease and CBT are also helpful. Medication approved for the treatment of FM are: Serotonin-noreprenphine reuptake inhibitors (SNRIs); Duloxetine ,venlaxafine, Milnacipran. Anticonvulsants; Pregabalin. Tri cyclic antidepressants: Amitriptyline, imipramine. Analgesia; Tramadol. Paracetamol and NSAIDS are not aﬀective for analgesia.8,9 The diagnosis of FM is quiet challenging in the developed world with good evaluation and referral system. In underdeveloped country with poor medical education and no referral system FM patients are the mostly go un-diagnosed and hence are under treated. It is high time to highlight the importance of diagnosis of FM by the general practitioner and other specialties doctors for proper management of these patients. The disease impact of FM is not less than any other chronic inﬂammatory disease like Rheumatoid Arthritis. On an average the FM patients visit doctor 3-4 times more often than the general population (17 versus 4 visits/year). The frequent visits of patients with FM, is one of the factors of increasing burden on health system as well as having socio-economic impact on patients."
"53 MAGNETIC RESONANCE SPECTROSCOPY, DIFFUSION TENSOR IMAGING, AND MAGNETIC RESONANCE PERFUSION IN THE EVALUATION OF FIBROMYALGIA PATIENTS: A PROSPECTIVE STUDY.",M.D. Ilya Petrou|Bradley R. Foerster|Scott A. McLean|Richard E. Harris|Daniel J. Clauw|Pia C. Sundgren,2006,0,NOT Open Access,
Brain metabolite concentration in pain processing regions is linked with multidimensional morbidity in fibromyalgia - a voxel-wise 3D MR Spectroscopic Imaging study,Jeungchan Lee|Ovidiu C. Andronesi|Ángel Torrado-Carvajal|Eva‐Maria Ratai|Marco L. Loggia|Akila Weerasekera|Michael P. Berry|Laura Isaro|Asimina Lazaridou|Myrella Paschali|Arvina Grahl|Ajay D. Wasan|Robert R. Edwards|Vitaly Napadow,2021,0,NOT Open Access,
Alterations in Brain Gray Matter Volume are Associated with Reduced Evoked-Pain Connectivity following Acute Pregabalin Administration (S10.003),Tudor Puiu|Anson Kairys|L. Pauer|Tobias Schmidt‐Wilcke|Eric Ichesco|Johnson P. Hampson|Vitaly Napadow|Daniel J. Clauw|Richard E. Harris,2015,0,NOT Open Access,
Response to Caro and Winter,Steven E. Harte|Daniel J. Clauw|Eva L. Feldman|Christopher J.E. Watson,2019,0,Open Access,"We thank Drs. Caro and Winter for their comments about our article showing diminished intraepidermal nerve fiber density (IENFD) in rats infused with a compound that raises central nervous system (CNS) glutamate levels.2 They raise a number of thoughtful concerns about our results, which we respond to below. However, before that, we would like to address the overall interpretation of our study. The authors seem to have misinterpreted the phrase proof-of-concept in our title: “They purport that their findings represent a ‘proof of [this] concept.” Proof-of-concept does not mean evidence that a hypothesis should be accepted as definitive, but rather evidence that an experimental paradigm is feasible, and that the data are generally supportive of a hypothesis. Of course, we do not feel that this study proves that the decreased IENFD we noted was solely due to increased CNS glutamate, and we agree that additional studies are clearly warranted. We presented these preliminary findings because we believe this model has the potential to address the question of causality in the well-established link between fibromyalgia and IENFD. This is why we provided every data point collected in the experiment, including those from an animal where the surgical procedure failed to produce bilateral infusions into the insula. We used language throughout indicating that the results should be viewed as preliminary. We noted the small sample size as a limitation and called for replication in a larger sample that also includes female animals. Why did we conduct such an experiment and present our results despite the acknowledged limitations? Our impression of the rapidly expanding literature on fibromyalgia and IENFD is that a number of researchers are preparing to make an entirely unwarranted leap from the observation that IENFD and fibromyalgia are associated with one another to the conclusion that IENFD causes fibromyalgia. To the best of our knowledge, not a single piece of preclinical or clinical data supports this conclusion: no prospective studies exist showing that IENFD is prospectively associated with new-onset fibromyalgia, and no animal models show that inducing IENFD causes multifocal pain, fatigue, disordered sleep, and cognitive dysfunction to develop. Before researchers and clinicians begin attempting to diagnose or treat fibromyalgia on the basis of IENFD, we implore them to consider alternative hypotheses. We agree with many of the methodological issues raised by Caro and Winter. Their major criticism is that the craniotomy procedure may act as a confound, itself inducing a reduction in IENFD. We agree. In fact, the group of animals that underwent craniotomy with Ringer's infusions into the CNS had lower IENFD than naive animals. They are also quite correct that statistical inference is difficult with small groups and require fairly large effects to be detectable. Their focus on a lack of statistically significant findings is a bit puzzling; because by this logic, the fact that the group of Ringer's treated animals was not statistically different from naive animals in IENFD would seem to argue against the concern that craniotomy itself produces changes in IENFD. We of course did include a control group of animals that underwent craniotomy to determine whether there are statistically significant differences in IENFD between animals administered with Ringer's alone and those also treated with PDC. We suggest that the remedy to this concern is a larger sample size to accommodate such a comparison—exactly what we originally suggested in the limitations section of the article. We propose that our study provides intriguing preliminary data that the subtle changes in IENFD that are sometimes referred to as small fiber neuropathy in humans may not be a primary peripheral phenomenon but instead could be secondary to disturbances in the CNS, whether from increased glutamate levels, trauma, or any other myriad of factors. A reduction in IENFD is not necessarily evidence of neuropathy, nor a source of pain. As we have noted previously, these changes are nonspecific and have now been noted in scores of medical conditions, including most chronic pain states where this issue has been examined.1 There is no evidence at present that suggests these changes are causing pain or should be a therapeutic target in any chronic pain state, any more so than the multitude or other commonly identified epiphenomenon that can be identified in chronic pain patients that are incidental findings (eg, bulging discs or osteophytes) or due to the chronic pain rather than the cause (eg, vitamin D deficiency). Disclosures The authors have no conflict of interest to declare."
"Birth month, a simple demographic indicator of early environmental exposures and risk of chronic diseases",José R. Banegas,2017,0,NOT Open Access,
A Multimodal Examination of Functional Brain and Neurochemical Mechanisms Underlying Nociplastic Pain,Ishtiaq Mawla,2022,0,Open Access,"Chronic pain affects well-being, causes suffering, and is a major burden to society. Unfortunately, pain management in the U.S. remains poor, primarily due to a lack of understanding of neurobiological mechanisms underlying pain. Research over the past few decades has shown that maladaptive central nervous system processing may contribute to the development or maintenance of a particular type of chronic pain called nociplastic pain. The prototypical nociplastic pain condition is fibromyalgia, which is characterized by widespread body pain, fatigue, sleep problems, and heightened sensory sensitivity. Understanding the central nervous system in nociplastic pain, therefore, has great potential to develop biomarkers for diagnosis and prognosis, while generating mechanistically informed treatment options. Therefore, this dissertation aims to understand neurochemical and functional brain processes involved in pain augmentation (i.e., hyperalgesia) and how non-pharmacologic pain relief (i.e., analgesia) may alter such aberrant neurobiological processes in nociplastic pain. Nociplastic pain has been characterized by augmented cross-network functional communication between the brain’s sensorimotor, default mode, and attentional (salience/ventral and dorsal) networks. However, the underlying mechanisms of these aberrant communication patterns are unknown. In chapter 2, I sought to understand large-scale topographic patterns at instantaneous timepoints, known as co-activation patterns (CAPs). I found that a sustained pressure pain challenge temporally modulated the occurrence of CAPs. Using proton magnetic resonance spectroscopy, I found that greater basal excitatory neurotransmitter levels within the anterior insula orchestrated higher cross-network connectivity between the insula and the default mode network via lower occurrence of a CAP encompassing the attentional networks during sustained pain. Moreover, I found that hyperalgesia in nociplastic pain was mediated via increased occurrence of a CAP encompassing the sensorimotor network during sustained pain. Acupuncture is a complex multi-component treatment with demonstrated promise, however, clinical trials have shown mixed results, possibly due to heterogeneous methodology and lack of understanding of the underlying mechanism of action. In chapter 3, I sought to understand the specific contribution of somatosensory afference to improvements in clinical pain, and the specific brain circuits involved. In this trial, nociplastic pain patients were randomized to receive electroacupuncture (with somatosensory afference) or mock laser acupuncture (no somatosensory afference). Patients in the electroacupuncture arm experienced a greater reduction in pain severity compared to the mock laser. Patients receiving electroacupuncture also displayed increased resting functional connectivity between the primary somatosensory cortical representation of the leg and the anterior insula, which was associated with reductions in pain severity and increases in inhibitory neurotransmitter levels in the anterior insula, following therapy. Post-therapy increases in anterior insula inhibitory neurotransmitter levels mediated the relationship between increases in primary somatosensory to anterior insula connectivity and clinical pain reduction. Taken together, the studies presented in this dissertation elucidate the role of local neurochemistry, functional circuits, and large-scale spatiotemporal networks in shaping hyperalgesia and analgesia in nociplastic pain. The knowledge from this dissertation could be implemented into rigorous biomarker development and mechanism-based treatment design for individual nociplastic pain patients."
Neuroimagen de la fibromialgia: una enfermedad del cerebro,Juan Deus Yela,2018,0,NOT Open Access,
Brain Scans Beyond fMRI: What Comes Next in Psychiatry,Daniel Rosehill|Gemini 3.1 (Flash)|Chatterbox TTS,2026,0,Open Access,"Episode summary: fMRI gave psychiatry its first real window into the living brain — the default mode network, connectivity disruptions in depression, predictive biomarkers for treatment response. But the frontier has moved. This episode explores what comes next: wearable fNIRS caps that scan patients while they walk and talk, OPM-MEG helmets that track neural oscillations in real time, and new PET tracers that can actually count synapses in a living human brain. We ask the sharpest question: will any of these tools ever reach day-to-day clinical practice, or are they stuck in research labs forever? And we examine who gets validated next — from chronic fatigue patients to people with personality disorders — as imaging makes the invisible visible. Show Notes fMRI was a genuine inflection point in psychiatry — the moment when clinical syndromes that had only been describable by patients suddenly became visible on a scan. It revealed the default mode network, showed that the depressed brain at rest isn't resting but worrying and rehearsing social failures, and demonstrated circuit-level dysregulation that helped kill the oversimplified chemical imbalance myth. Helen Mayberg's 2013 study even showed that resting-state activity in the anterior insula could predict whether a patient would respond better to CBT or an SSRI. But fMRI's temporal resolution is terrible — the blood oxygen signal lags seconds behind neural activity — and the machines cost millions. What comes next is a suite of tools at different stages of maturity. Wearable functional near-infrared spectroscopy (fNIRS) measures the same hemodynamic signal using light instead of magnets, letting patients be scanned while walking, talking, or doing exposure therapy. A 2024 NeuroImage review showed fNIRS-based neurofeedback for ADHD producing effect sizes comparable to medication. Optically pumped magnetometry (OPM-MEG) uses tiny vapor cell sensors mounted on a helmet, offering millisecond temporal precision with portability — though mostly still in UK research labs. New PET tracers can count synapses, measure neuroinflammation, and track kappa opioid receptors, giving psychiatry a molecular inventory alongside circuit dynamics. The big conceptual leap is from static snapshots to dynamic movies — watching a mood state emerge in real time, seeing the causal cascade from triggering thought to behavioral output. But the access gap remains enormous. fNIRS caps cost fifty to a hundred thousand dollars versus fMRI's millions, making them plausible for clinics for the first time. The episode also examines who gets validated next: patients with chronic fatigue and fibromyalgia whose pain processing circuits show real abnormalities, and people with borderline personality disorder whose amygdala-prefrontal connectivity differences reframe the clinical conversation from character flaw to circuit disorder. Listen online: https://myweirdprompts.com/episode/future-brain-imaging-psychiatry"
Brain Scans Beyond fMRI: What Comes Next in Psychiatry,Daniel Rosehill|Gemini 3.1 (Flash)|Chatterbox TTS,2026,0,Open Access,"Episode summary: fMRI gave psychiatry its first real window into the living brain — the default mode network, connectivity disruptions in depression, predictive biomarkers for treatment response. But the frontier has moved. This episode explores what comes next: wearable fNIRS caps that scan patients while they walk and talk, OPM-MEG helmets that track neural oscillations in real time, and new PET tracers that can actually count synapses in a living human brain. We ask the sharpest question: will any of these tools ever reach day-to-day clinical practice, or are they stuck in research labs forever? And we examine who gets validated next — from chronic fatigue patients to people with personality disorders — as imaging makes the invisible visible. Show Notes fMRI was a genuine inflection point in psychiatry — the moment when clinical syndromes that had only been describable by patients suddenly became visible on a scan. It revealed the default mode network, showed that the depressed brain at rest isn't resting but worrying and rehearsing social failures, and demonstrated circuit-level dysregulation that helped kill the oversimplified chemical imbalance myth. Helen Mayberg's 2013 study even showed that resting-state activity in the anterior insula could predict whether a patient would respond better to CBT or an SSRI. But fMRI's temporal resolution is terrible — the blood oxygen signal lags seconds behind neural activity — and the machines cost millions. What comes next is a suite of tools at different stages of maturity. Wearable functional near-infrared spectroscopy (fNIRS) measures the same hemodynamic signal using light instead of magnets, letting patients be scanned while walking, talking, or doing exposure therapy. A 2024 NeuroImage review showed fNIRS-based neurofeedback for ADHD producing effect sizes comparable to medication. Optically pumped magnetometry (OPM-MEG) uses tiny vapor cell sensors mounted on a helmet, offering millisecond temporal precision with portability — though mostly still in UK research labs. New PET tracers can count synapses, measure neuroinflammation, and track kappa opioid receptors, giving psychiatry a molecular inventory alongside circuit dynamics. The big conceptual leap is from static snapshots to dynamic movies — watching a mood state emerge in real time, seeing the causal cascade from triggering thought to behavioral output. But the access gap remains enormous. fNIRS caps cost fifty to a hundred thousand dollars versus fMRI's millions, making them plausible for clinics for the first time. The episode also examines who gets validated next: patients with chronic fatigue and fibromyalgia whose pain processing circuits show real abnormalities, and people with borderline personality disorder whose amygdala-prefrontal connectivity differences reframe the clinical conversation from character flaw to circuit disorder. Listen online: https://myweirdprompts.com/episode/future-brain-imaging-psychiatry"
#36946 Ketamine in acute and chronic pain,Evmorfia Stavropoulou,2023,0,Open Access,"<h3></h3> Acute and chronic pain remains a significant health problem worldwide. The aging of the population has led to an increased number of individuals experiencing both acute injuries and chronic diseases that cause pain. Ketamine was originally developed by Craig Newlands and later synthesized by Calvin Stevens in 1962. It is a derivative of phenylcyclidine in order to produce a safer and more manageable drug. Recently there has been an increased interest about it especially in emergency medicine, acute and chronic pain and psychiatry. It is an analgesic imperative to maintain a balance between the adequate treatment of pain and preventing opiate dependence in the population. It is a ‘dissociative anesthetic,’ which refers to the fact that simultaneously different areas of the brain are either activated, such as the hippocampus and frontal cortex, or suppressed, such as the thalamus, and therefore the various areas of the brain are ‘dissociated’ from each other. It rapidly induces general anesthesia while preserving the patient’s protective reflexes and vital functions besides its sympathomimetic effect. However, its psychomimetic effects have limited its use. Research in 1965 demonstrated its analgesic effect in subdissociative doses during painful procedures in children. In 1971, the analgesic effect of ketamine was further confirmed when it was observed that patients who underwent anesthesia with ketamine required less opioid medication and experienced better pain management. It is highy lipophilic with a distribution half-life of 10 min, onset time of 30 s, short duration of action after a bolus dose, large volume of distribution (160-550 litres) and it is least protein bound(10-50%). The liver metabolizes ketamine via the cytochromes CYP 2B6 and CYP3A4, producing (R, S)-norketamine, which is converted to 6-hydroxynorketamine and 5,6- dehydronorketamine. These metabolites have an extended half-life of up to 3 days and, according to various authors, provide prolonged analgesic and antidepressant effects. Bioavailability and duration of action vary depending on the route of administration: with intravenous administration, bioavailability is 100%. It is eliminated mainly in the urine (elimination half-life of 1,5-3 h) Women generally metabolize ketamine more rapidly (up to 20%) than men, whereas older people tend to metabolize it more slowly. It is contraindicated during pregnancy and lactation. Due to its short half-life, no dosage adjustment is required in patients with impaired renal function. It has the ability to produce different effects depending on the dosage and this property is unique among drugs. Low-dose ketamine has been shown to have an opioid-sparing effect and has been shown to reduce opioid tolerance. In addition to its role as an analgesic in acute pain, it can reduce hyperalgesia and allodynia in chronic pain. The main mechanism of action of ketamine is to block glutamatergic neurons via its antagonistic effect on NMDA receptors. It does this by non-competitively blocking the opening of glutamatergic channels, mainly in the prefrontal cortex and hippocampus. Ketamine also activates the prefrontal cortex via blockade of inhibitory interneurons, which is one of the mechanisms responsible for its psychomimetic effects. The effect of ketamine on NMDA receptors is unique in that it acts as an open-channel blocker. It blocks the calcium channels only when they are open and has no effect on the closed resting channel. However, the analgesic effects of ketamine are diverse and multifaceted. It modulates the reuptake of serotonin, dopamine and norepinephrine and causes a paradoxical increase in glutamate with stimulation of the descending inhibitory pathways with effects on dopaminergic, adrenergic, serotoninergic, opioid and cholinergic receptors by stimulating the nicotinic pathway and inhibiting the muscarinic pathway by blocking M1 receptors. Ketamine also acts on spinal GABA interneurons. The blockade of NMDA receptors by ketamine is involved in reducing spinal cord exhaustion, which is a major contributor to the development of chronic pain. Severe pain activates NMDA receptors with hyperexcitability of spinal interneurons in the posterior horn, leading to spinal cord wind-up and central sensitisation. The paradoxical increase in glutamate is essential for the stimulation of medullary GABA inhibitors and for the stimulation of AMPA receptors, which are crucial for the control of depressive symptoms. Ketamine blocks the NMDA-Rs of GABAergic interneurons, leading to a paradoxical increase in extra- cellular glutamate and activation of the α-amino-3-hydroxy-5-methyl-4-isoxazolepropionic acid receptor (AMPAr), which stimulates the mammalian target of rapamycin complex-1 (mTORC1) signalling pathway, particularly in cortical excitatory pyramidal neurons. Ketamine also has an anti-inflammatory effect by lowering the levels of IL-6 and TNF-alpha. In the past, great importance was placed on the analgesic role of ketamine metabolites, but this has since been revised. However, experimental evidence in animal models suggests that norketamine plays an essential role in hyperpolarizing the Hyperpolarization-activated cyclic nucleotide-gated channels(HCN) in the spinal cord and hippocampus, which is particularly important for antidepressant modulation by ketamine. However, in animal models, HCN receptors appear to be involved in the analgesic effect. The action of ketamine on opioid receptors does not appear to have a direct analgesic effect but does have a modulatory effect. Direct intrathecal antagonism of mu and delta receptors (but not kappa receptors) blocks the analgesic effect of ketamine, which is not affected by the parenteral administration of naloxone. It acts on sigma-1 receptors, L-type voltage-gated calcium channels, and voltage-gated sodium channels, but their exact functions and possible roles in analgesia are not yet known. Concerning chronic pain there is an interesting link between pain and depression: functional and neuroimaging studies have shown that ketamine reduces the activity of the insular cortex and thalamus, which are normally activated by pain. Although the effect of ketamine on NMDA-R receptors has not been fully elucidated, some observations have suggested that these receptors play a crucial role in the context of depression and chronic pain. Specifically, ketamine increases neuronal calcium via NMDA-R blockade, which causes a secondary decrease in NMDA-R receptors via gene depression, thereby increasing levels of brain- derived neurotrophic factor (BDNF), which are low in mouse models of induced depression and whose levels are increased by ketamine. In addition, ketamine has been shown to decrease receptor affinity for substance P, a neurotransmitter that increases in chronic pain and is one of the mechanisms underlying the loss of medullary pain inhibition. In addition, ketamine appears to block acetylcholine muscarinic receptors (m1ChRs), which may also play a role in modulating chronic pain. Studies suggest that agonists of these receptors may increase the pain threshold. In addition, animal studies have suggested that ketamine may modulate astrocytic and glial responses that also play a role in chronic neuropathic pain. It appears to have a stronger analgesic effect in patients with chronic pain and depression because it may interfere with the production of D-serine or glycine which are required by NMDA receptors in the medullary interneurons as co-agonists, especially in neurons in the limbic region involved in the development of depression and chronic pain. D-serine in medullary interneurons, increases during neuropathic pain, leading to the activation of NO synthase. Ketamine interacts with central and spinal opioid receptors and NMDA-R. Opiates reduce pain perception by activating mu receptors, but they activate NMDA receptors, leading to postsynaptic hyperexcitability, central tolerance, and sensitization. Ketamine has been shown to modulate and reduce these effects. It also exerts a downstream effect by increasing opioid-induced phosphorylation of extracellular signal- regulated 1/2 kinase (ERK 1–2), so fewer opioids are required to achieve the desired therapeutic effect (opioid-sparing effect). This also helps reduce adverse events such as respiratory depression and vomiting. Ketamine is indicated for managing acute pain in patients with severe pain that is not responsive to standard opioid analgesics. It can be used safely in head injuries as it does not increase intracranial pressure. It is particularly useful in major surgery and especially when the nervous system is involved. Due to differences in the surgical setting, procedures, timing of administration and dosages, meta-analyses are difficult to compare, and a large study with 8000 participants has not yet been completed. In a recent systematic review, low-dose ketamine was comparable to morphine in analgesic effectiveness within 60 minutes of administration, with comparable safety profiles, when used in the emergency department. In 2018 the American Society of Regional Anesthesia and Pain Medicine, the American Academy of Pain Medicine, and the American Society of Anesthesiologists published the following consensus guidelines for the use of ketamine in the management of acute and chronic pain: When used for perioperative analgesia, ketamine bolus dose should not exceed 0.35 mg/kg, and infusion rate should not exceed 1 mg/kg/hr in non-intensive care settings. It should be avoided in patients with severe or uncontrolled cardiovascular disease, severe liver disease, increased intracranial pressure, elevated intraocular pressure, pregnancy, and underlying psychiatric disease associated with psychosis. Evidence supporting patient-controlled analgesia (PCA) with ketamine as the sole analgesic agent postoperatively is limited. For chronic regional pain syndromes (CRPS), there is moderate certainty evidence supporting the use of ketamine infusions for analgesia, which has been shown to provide pain relief for up to 12 weeks. For fibromyalgia, cancer pain, ischemic pain, migraine headache, and low-back pain, there is weak or no evidence to support the use of ketamine infusion for immediate pain relief. Oral ketamine is associated with high abuse potential and should be cautiously prescribed. Follow-up therapy (after intravenous ketamine infusion) with intra-nasal ketamine for breakthrough pain is supported by moderate certainty evidence and can be used in the appropriate population. For palliative therapies and the treatment of neoplastic pain, the evidence is still limited, as it is for the treatment of headache, but there is evidence of considerable interest. The optimal analgesic dosage of ketamine varies widely in the literature, ranging from 0.15 to 0.5 mg/kg. However, doses above 0.3 mg/kg can lead to psychomimetic symptoms, and 0.5 mg/kg is considered a subdissociative dose and is associated with a higher rate of adverse events. As a result, many authors define safe and effective analgesic dosing as 0.15–0.3 mg/kg bolus, 0.15–0.3 mg/kg/h continuous infusion, 0.5–1 mg/kg intramuscular administration, and 1 mg/kg intranasal administration. Oral administration of ketamine is not standardized, but doses of 0.5 mg/kg every 12 h are considered effective. Other possible routes of administration include transdermal (25 mg/24 h), subcutaneous (0.05–0.15 mg/kg/h), and rectal (10 mg/kg). The administration method can be tailored to the clinical setting: Continuous infusion administration (up to 100 hours) takes advantage of the increased levels of ketamine metabolites and their analgesic and antidepressant properties. Infusions (up to 100 h) resulted in a sustained analgesic response of 4 to 8 weeks, while infusions of 12 to 24 h resulted in a reduced but stable response of 7 to 10 days. Ketamine is an excellent drug for the treatment of severe pain in acute cases, but also has remarkable benefits in chronic pain infusions. Unfortunately, there is currently no clinical evidence to predict individual patient responses. Identifying clinical factors that can predict a patient’s response to ketamine will help clinicians determine the most appropriate treatment option. So rigorous research is still needed. Given the opioid crisis, such studies are more urgent than ever. Future research should also investigate ketamine enantiomers and the development of molecules with more targeted analgesic effects and fewer psychomimetic side effects. Nevertheless, all healthcare providers involved in the treatment of acute, chronic, neuropathic, or neoplastic pain need to be aware of this treatment option and be able to manage its unique side effects. <h3>References</h3> Alessandro Riccardi, <i>et al</i>. Narrative review: low-dose ketamine for pain management. Review. <i>J. Clin. Med.</i> 2023;<i><b>12</b></i>:3256. https://doi.org/10.3390/jcm12093256 Orhurhu VJ, Roberts JS, Ly N, <i>et al</i>. Ketamine in acute and chronic pain management. <i>Stat Pearls</i> https://www.ncbi.nlm.nih.gov/books/about/copyright/ Eric S Schwen. Ketamine in the past, present, and future: mechanisms, metabolites, and toxicity. https://ww w.ncbi.nlm.nih.gov/books/about/copyright/ Kohtala S. Ketamine—50 years in use: from anesthesia to rapid antidepressant effects and neurobiological mechanism.<i> Pharmacol Rep</i>. 2021;<b>73</b>(2):323–345. Published online 2021 Feb 20. doi: 10.1007/s43440-021-00232-4"
